C6446L;BABY GOLA POLO MC - PIQUET PV 185 LARANJA;C6446L;6446L;9;606
C6446L.0001;BABY GOLA POLO MC - PIQUET PV 185 LARANJA - G;C6446L;6446L;9;606
C6451L;ARAUJO E PORTELA - BABY LOOK GOL POLO ML - PIQUET PA 025 AREIA;C6451L;6451L;18;606
C6451L.0001;ARAUJO E PORTELA - BABY LOOK GOL POLO ML - PIQUET PA 025 AREIA - G;C6451L;6451L;18;606
C6452L;ARAUJO E PORTELA -  CAMISETA GOL POLO MC - PIQUET PA 025 AREIA;C6452L;6452L;18;602
C6452L.0001;ARAUJO E PORTELA -  CAMISETA GOL POLO MC - PIQUET PA 025 AREIA - G;C6452L;6452L;18;602
C6455J;COPAT - CAMISETA GOLA RED MC - POLIVIS 015 RY;C6455J;6455J;9;600
C6455J.0001;COPAT - CAMISETA GOLA RED MC - POLIVIS 015 RY - G;C6455J;6455J;9;600
C6455L;BABY LOOK GOLA POLO MC - PIQUET PV 020 BORDO;C6455L;6455L;9;606
C6455L.0001;BABY LOOK GOLA POLO MC - PIQUET PV 020 BORDO - G;C6455L;6455L;9;606
C6492E;PLACICAR - CAMISETA GOLA RED MC - POLIVISCOSE 014 PRETO;C6492E;6492E;9;600
C6492E.0001;PLACICAR - CAMISETA GOLA RED MC - POLIVISCOSE 014 PRETO - G;C6492E;6492E;9;600
C6500L;CINADIS -  CAMISETA GOLA POLO MC - PIQUET PA 061 PRETO;C6500L;6500L;18;602
C6500L.0001;CINADIS -  CAMISETA GOLA POLO MC - PIQUET PA 061 PRETO - G;C6500L;6500L;18;602
C6502L;CINADIS -  CAMISETA GOLA POLO MC - PIQUET PA 094 CHUMBO;C6502L;6502L;18;602
C6502L.0001;CINADIS -  CAMISETA GOLA POLO MC - PIQUET PA 094 CHUMBO - G;C6502L;6502L;18;602
C6502M;POSTO QUERO QUERO - BABY LOOK POLO MC -  PIQUET PA 178 VERM;C6502M;6502M;18;602
C6502M.0001;POSTO QUERO QUERO - BABY LOOK POLO MC -  PIQUET PA 178 VERM - G;C6502M;6502M;18;602
C6502ZZ;ROD OIL - CALCA SOCIAL MASC - UNILESTER FIT 2050 CINZA;C6502ZZ;6502ZZ;18;103
C6502ZZ.0001;ROD OIL - CALCA SOCIAL MASC - UNILESTER FIT 2050 CINZA - G;C6502ZZ;6502ZZ;18;103
C6503L;CINADIS -  CAMISETA GOLA POLO MC - PIQUET PA 061 PTO;C6503L;6503L;18;602
C6503L.0001;CINADIS -  CAMISETA GOLA POLO MC - PIQUET PA 061 PTO - G;C6503L;6503L;18;602
C6503ZZ;ROD OIL - CALCA SOCIAL FEM - UNILESTER FIT 2050 CINZA;C6503ZZ;6503ZZ;18;106
C6503ZZ.0001;ROD OIL - CALCA SOCIAL FEM - UNILESTER FIT 2050 CINZA - G;C6503ZZ;6503ZZ;18;106
C6504ZZ;ROD OIL - CALCA MEIO ELAST MASC - UNILIGHT 5006 VERDE PETROLEO;C6504ZZ;6504ZZ;18;101
C6504ZZ.0001;ROD OIL - CALCA MEIO ELAST MASC - UNILIGHT 5006 VERDE PETROLEO - G;C6504ZZ;6504ZZ;18;101
C6504ZZ.0002;ROD OIL - CALCA MEIO ELAST MASC - UNILIGHT 5006 VERDE PETROLEO - PP;C6504ZZ;6504ZZ;18;101
C6507ZZ;ROD OIL -  CAMISETA GOLA POLO MC - PIQUET PA 178 VERM;C6507ZZ;6507ZZ;18;602
C6507ZZ.0001;ROD OIL -  CAMISETA GOLA POLO MC - PIQUET PA 178 VERM - G;C6507ZZ;6507ZZ;18;602
C6508ZZ;ROD OIL -  BABY LOOK GOLA POLO MC - PIQUET PA 178 VERM;C6508ZZ;6508ZZ;18;606
C6508ZZ.0001;ROD OIL -  BABY LOOK GOLA POLO MC - PIQUET PA 178 VERM - G;C6508ZZ;6508ZZ;18;606
C6510ZZ;ROD OIL -  BABY LOOK GOLA RED MC - POLIVIS 078 VERM;C6510ZZ;6510ZZ;18;604
C6510ZZ.0001;ROD OIL -  BABY LOOK GOLA RED MC - POLIVIS 078 VERM - G;C6510ZZ;6510ZZ;18;604
C6513ZZ;ROD OIL - MOLETON MASC ABERTO COM CAPUZ - FLANELADO 078 VERM;C6513ZZ;6513ZZ;18;914
C6513ZZ.0001;ROD OIL - MOLETON MASC ABERTO COM CAPUZ - FLANELADO 078 VERM - G;C6513ZZ;6513ZZ;18;914
C6519ZZ;ROD OIL - CAMISA OPER MC - DOPFIL 004-9115 CZ MESCLA;C6519ZZ;6519ZZ;18;203
C6519ZZ.0001;ROD OIL - CAMISA OPER MC - DOPFIL 004-9115 CZ MESCLA - G;C6519ZZ;6519ZZ;18;203
C6521A;ROCA MOVEIS -  CAMISETA POLO MC - PIQUET PA 8025 PRATA;C6521A;6521A;9;602
C6521A.0001;ROCA MOVEIS -  CAMISETA POLO MC - PIQUET PA 8025 PRATA - G;C6521A;6521A;9;602
C6521B;CORD DE SANTANA - CAMISETA GOLA RED ML - POLIVIS 065 VERDE;C6521B;6521B;9;600
C6521B.0001;CORD DE SANTANA - CAMISETA GOLA RED ML - POLIVIS 065 VERDE - G;C6521B;6521B;9;600
C6527ZZ;ROD OIL - BERMUDA MEIO ELAST MASC - UNILIGHT 5006 VERDE;C6527ZZ;6527ZZ;18;110
C6527ZZ.0001;ROD OIL - BERMUDA MEIO ELAST MASC - UNILIGHT 5006 VERDE - G;C6527ZZ;6527ZZ;18;110
C6550L;GRAMADO TERMAS -  CAMISETA GOLA POLO MC - PIQUET PV 015 AZ;C6550L;6550L;9;602
C6550L.0001;GRAMADO TERMAS -  CAMISETA GOLA POLO MC - PIQUET PV 015 AZ - G;C6550L;6550L;9;602
C6574L;BENTO SUL -  CAMISETA GOLA POLO MC - PIQUET PA 130 AZ MAR;C6574L;6574L;9;602
C6574L.0001;BENTO SUL -  CAMISETA GOLA POLO MC - PIQUET PA 130 AZ MAR - G;C6574L;6574L;9;602
C6575M;POSTO CIDADE - CAMISETA GOLA POLO MASC MC - POLIVIS 034 VERDE;C6575M;6575M;18;602
C6575M.0001;POSTO CIDADE - CAMISETA GOLA POLO MASC MC - POLIVIS 034 VERDE - G;C6575M;6575M;18;602
C6592G;GRUPO CHARRUA -  CAMISETA GOLA POLO MC - PIQUET PA 001 BRANCO;C6592G;6592G;18;602
C6592G.0001;GRUPO CHARRUA -  CAMISETA GOLA POLO MC - PIQUET PA 001 BRANCO - G;C6592G;6592G;18;602
C6599L;REDE HG - CAMISETA POLO MC - MED ESP - PIQUET PA 178 VERM;C6599L;6599L;18;602
C6599L.0001;REDE HG - CAMISETA POLO MC - MED ESP - PIQUET PA 178 VERM - G;C6599L;6599L;18;602
C6602M;SUPERIA -  CAMISETA GOLA RED ML - POLIVIS 230 ALUMINIO;C6602M;6602M;9;600
C6602M.0001;SUPERIA -  CAMISETA GOLA RED ML - POLIVIS 230 ALUMINIO - G;C6602M;6602M;9;600
C6610I;REDE HG - CAMISETA GOLA RED MC - POLIVISCOSE 015 AZ JAV;C6610I;6610I;18;600
C6610I.0001;REDE HG - CAMISETA GOLA RED MC - POLIVISCOSE 015 AZ JAV - G;C6610I;6610I;18;600
C6610M;TECMESTEEL -  CAMISETA GO!¨MARINHO - POLIVIS 016 MARINHO;C6610M;6610M;9;600
C6610M.0001;TECMESTEEL -  CAMISETA GO!¨MARINHO - POLIVIS 016 MARINHO - G;C6610M;6610M;9;600
C6611M;TECMESTEEL -  CAMISETA GOLA POLO MC - PIQUET PA 130 MARINHO;C6611M;6611M;9;602
C6611M.0001;TECMESTEEL -  CAMISETA GOLA POLO MC - PIQUET PA 130 MARINHO - G;C6611M;6611M;9;602
C6612K;MUNDIAL - CAMISETA GOLA POLO ML - PIQUET PV 182 CINZA;C6612K;6612K;9;602
C6612K.0001;MUNDIAL - CAMISETA GOLA POLO ML - PIQUET PV 182 CINZA - G;C6612K;6612K;9;602
C6618L;LIBRELATO -  CAMISETA POLO MC - MED ESP - PIQUET PA 130 MARI;C6618L;6618L;9;602
C6618L.0001;LIBRELATO -  CAMISETA POLO MC - MED ESP - PIQUET PA 130 MARI - ESPEC;C6618L;6618L;9;602
C6647M;POSTO BOM PRINCIPIO - BABY POLO MC - PIQUET PA 078 VERM;C6647M;6647M;18;606
C6647M.0001;POSTO BOM PRINCIPIO - BABY POLO MC - PIQUET PA 078 VERM - G;C6647M;6647M;18;606
C6650L;MARCOS - CAMISETA GOLA RED ML - POLIVIS 230 ALUMINIO;C6650L;6650L;9;600
C6650L.0001;MARCOS - CAMISETA GOLA RED ML - POLIVIS 230 ALUMINIO - G;C6650L;6650L;9;600
C6654H;FORMPARTS - CAMISETA POLO MC - MALHA PIQUET PV 020 VINHO  JAV;C6654H;6654H;9;602
C6654H.0001;FORMPARTS - CAMISETA POLO MC - MALHA PIQUET PV 020 VINHO  JAV - G;C6654H;6654H;9;602
C6661L;POSTO ZOOLOGICO - CAMISETA GOLA RED MC - POLIVIS 014 PTO;C6661L;6661L;18;600
C6661L.0001;POSTO ZOOLOGICO - CAMISETA GOLA RED MC - POLIVIS 014 PTO - G;C6661L;6661L;18;600
C6668M;JTI -  BABY  GOLA POLO MC - PIQUET PA 998 MESCLA;C6668M;6668M;9;606
C6668M.0001;JTI -  BABY  GOLA POLO MC - PIQUET PA 998 MESCLA - G;C6668M;6668M;9;606
C6678K;FAZ AGUA VERMELHA - CAMISETA GOLA RED MC - POLIVIS 136 LARANJ;C6678K;6678K;9;600
C6678K.0001;FAZ AGUA VERMELHA - CAMISETA GOLA RED MC - POLIVIS 136 LARANJ - G;C6678K;6678K;9;600
C6682M;POSTO VISAO - CAMISETA GOLA POLO MC - PIQUET PA 001 BRANCO;C6682M;6682M;18;602
C6682M.0001;POSTO VISAO - CAMISETA GOLA POLO MC - PIQUET PA 001 BRANCO - G;C6682M;6682M;18;602
C6684J;EATON - CAMISETA GOLA RED MC - MED ESP ALG 30-1 PENT 093 AZ RY;C6684J;6684J;9;600
C6684J.0001;EATON - CAMISETA GOLA RED MC - MED ESP ALG 30-1 PENT 093 AZ RY - ESPEC;C6684J;6684J;9;600
C6702M;CHARRUA -  CAMISETA GOLA POLO ML - PIQUET PA 001 BRANCO;C6702M;6702M;18;602
C6702M.0001;CHARRUA -  CAMISETA GOLA POLO ML - PIQUET PA 001 BRANCO - G;C6702M;6702M;18;602
C6716G;REDE MONTEIROS - BABY LOOK POLO MC - PIQUET PA 093 AZ RY;C6716G;6716G;18;602
C6716G.0001;REDE MONTEIROS - BABY LOOK POLO MC - PIQUET PA 093 AZ RY - G;C6716G;6716G;18;602
C6721M;POSTO PETROPIRES -  CAMISETA GOLA POLO MC - PIQUET PA 130 MARI;C6721M;6721M;18;602
C6721M.0001;POSTO PETROPIRES -  CAMISETA GOLA POLO MC - PIQUET PA 130 MARI - G;C6721M;6721M;18;602
C6726L;SULPET -  CAMISETA GOLA RED MC - POLIVIS 090 VERDE;C6726L;6726L;9;600
C6726L.0001;SULPET -  CAMISETA GOLA RED MC - POLIVIS 090 VERDE - G;C6726L;6726L;9;600
C6730L;EATON - CAMISETA GOLA RED ML - MALHA POLI - 015 AZ.RY;C6730L;6730L;9;600
C6730L.0001;EATON - CAMISETA GOLA RED ML - MALHA POLI - 015 AZ.RY - G;C6730L;6730L;9;600
C6732C;SENA MADEIRAS - CAMISETA GOLA RED MC - PV 196 VERDE MILITAR;C6732C;6732C;9;600
C6732C.0001;SENA MADEIRAS - CAMISETA GOLA RED MC - PV 196 VERDE MILITAR - G;C6732C;6732C;9;600
C6734M;SAN MARTIN -  CAMISETA GOLA RED MC - MED ESP - POLIVIS 016 MAR;C6734M;6734M;9;600
C6734M.0001;SAN MARTIN -  CAMISETA GOLA RED MC - MED ESP - POLIVIS 016 MAR - ESPEC;C6734M;6734M;9;600
C6761K;POSTO MAIOCHI - CAMISETA GOLA POLO MC - PIQUET PA 178 VERM;C6761K;6761K;18;602
C6761K.0001;POSTO MAIOCHI - CAMISETA GOLA POLO MC - PIQUET PA 178 VERM - G;C6761K;6761K;18;602
C6766M;BERNECK SA - CAMISETA GOLA POLO MC - PIQUET PA 001 BRANCO;C6766M;6766M;9;602
C6766M.0001;BERNECK SA - CAMISETA GOLA POLO MC - PIQUET PA 001 BRANCO - G;C6766M;6766M;9;602
C6769M;MARINAS - CAMISETA GOLA POLO MC - PIQUET PA 178 VERM;C6769M;6769M;18;602
C6769M.0001;MARINAS - CAMISETA GOLA POLO MC - PIQUET PA 178 VERM - G;C6769M;6769M;18;602
C6770E;FAZ AGUA VERMELHA - CAMISETA GOLA RED ML - POLIVIS 136 LARANJ;C6770E;6770E;9;600
C6770E.0001;FAZ AGUA VERMELHA - CAMISETA GOLA RED ML - POLIVIS 136 LARANJ - G;C6770E;6770E;9;600
C6778M;JAIC -  CAMISETA GOLA POLO MC - PIQUET PA 001 BRANCO;C6778M;6778M;18;602
C6778M.0001;JAIC -  CAMISETA GOLA POLO MC - PIQUET PA 001 BRANCO - G;C6778M;6778M;18;602
C6781J;POSTO RETAO - BABY POLO MC - POLIVIS 012 VERMELHO;C6781J;6781J;18;606
C6781J.0001;POSTO RETAO - BABY POLO MC - POLIVIS 012 VERMELHO - G;C6781J;6781J;18;606
C6781M;JAIC -  CAMISETA GOLA POLO MC - PIQUET PA 093 AZ RY;C6781M;6781M;18;602
C6781M.0001;JAIC -  CAMISETA GOLA POLO MC - PIQUET PA 093 AZ RY - G;C6781M;6781M;18;602
C6782I;STATUS RIO AUTO -  CAMISETA GOLA POLO MC - PIQUET PA 061 PRETO;C6782I;6782I;18;602
C6782I.0001;STATUS RIO AUTO -  CAMISETA GOLA POLO MC - PIQUET PA 061 PRETO - G;C6782I;6782I;18;602
C6792J;POSTO RETAO - CAMISETA POLO MC - MED ESP - POLIVIS 012 VERM;C6792J;6792J;18;606
C6792J.0001;POSTO RETAO - CAMISETA POLO MC - MED ESP - POLIVIS 012 VERM - ESPEC;C6792J;6792J;18;606
C6793B;COMB LOVATO -  CAMISETA GOLA POLO MC - PV 182 CINZA;C6793B;6793B;18;602
C6793B.0001;COMB LOVATO -  CAMISETA GOLA POLO MC - PV 182 CINZA - G;C6793B;6793B;18;602
C6813J;SANEP - CAMISETA GOLA RED MC - MALHA ALG. 30 1 093;C6813J;6813J;9;600
C6813J.0001;SANEP - CAMISETA GOLA RED MC - MALHA ALG. 30 1 093 - G;C6813J;6813J;9;600
C6818L;AGCO -  CAMISETA GOLA POLO MC - POLIVIS 030 CINZA;C6818L;6818L;9;602
C6818L.0001;AGCO -  CAMISETA GOLA POLO MC - POLIVIS 030 CINZA - G;C6818L;6818L;9;602
C6830M;FREIOS - CAMISETA GOLA RED MC - MED ESP - POLIVIS 093 AZ RY;C6830M;6830M;9;600
C6830M.0001;FREIOS - CAMISETA GOLA RED MC - MED ESP - POLIVIS 093 AZ RY - ESPEC;C6830M;6830M;9;600
C6833I;POSTO MARTINEZ -  CAMISETA GOLA POLO MC - PIQUET PA 093 AZ;C6833I;6833I;18;602
C6833I.0001;POSTO MARTINEZ -  CAMISETA GOLA POLO MC - PIQUET PA 093 AZ - G;C6833I;6833I;18;602
C6843M;AKER -  CAMISETA GOLA RED MC - ALG 3-1CARD 079 VERM;C6843M;6843M;9;600
C6843M.0001;AKER -  CAMISETA GOLA RED MC - ALG 3-1CARD 079 VERM - G;C6843M;6843M;9;600
C6855J;ERACI JOSE -  CAMISETA GOLA POLO MC - PIQUET PA 178 VERM;C6855J;6855J;18;602
C6855J.0001;ERACI JOSE -  CAMISETA GOLA POLO MC - PIQUET PA 178 VERM - G;C6855J;6855J;18;602
C6872K;REALIZ - CAMISETA GOLA POLO MC - PV 014 PRETO;C6872K;6872K;18;602
C6872K.0001;REALIZ - CAMISETA GOLA POLO MC - PV 014 PRETO - G;C6872K;6872K;18;602
C6873K;REALIZ ENGENHARIA - CAMISETA GOLA RED ML - PV 230 ALUMINIO;C6873K;6873K;9;600
C6873K.0001;REALIZ ENGENHARIA - CAMISETA GOLA RED ML - PV 230 ALUMINIO - G;C6873K;6873K;9;600
C6873M;POSTO ALMIRANTE - CAMISETA POLO MC - PIQUET PV 130 MARINHO;C6873M;6873M;18;602
C6873M.0001;POSTO ALMIRANTE - CAMISETA POLO MC - PIQUET PV 130 MARINHO - G;C6873M;6873M;18;602
C6881L;MASCOR  -  CAMISETA GOLA POLO MC - PIQUET INGLES 66 VERDE;C6881L;6881L;9;602
C6881L.0001;MASCOR  -  CAMISETA GOLA POLO MC - PIQUET INGLES 66 VERDE - G;C6881L;6881L;9;602
C6888L;SILVA E FREITA -  CAMISETA GOLA RED MC - POLIVIS 014 PRETO;C6888L;6888L;9;600
C6888L.0001;SILVA E FREITA -  CAMISETA GOLA RED MC - POLIVIS 014 PRETO - G;C6888L;6888L;9;600
C6892L;FAMART - CAMISETA GOLVIS 092 CBMALHA POLIVIS 092 COBALTO;C6892L;6892L;9;600
C6892L.0001;FAMART - CAMISETA GOLVIS 092 CBMALHA POLIVIS 092 COBALTO - G;C6892L;6892L;9;600
C6897I;POSTO MARTINEZ -  BABY LOOK GOLA POLO MC - PIQUET PA 093 AZ;C6897I;6897I;18;606
C6897I.0001;POSTO MARTINEZ -  BABY LOOK GOLA POLO MC - PIQUET PA 093 AZ - G;C6897I;6897I;18;606
C6898M;D LB COMERCIO -  CAMISETA GOLA POLO MC - PIQUET PA 061 PRETO;C6898M;6898M;9;602
C6898M.0001;D LB COMERCIO -  CAMISETA GOLA POLO MC - PIQUET PA 061 PRETO - G;C6898M;6898M;9;602
C6906M;POSTO ATLANTICO - BABY POLO MC - PIQUET PV 01 MARINHO;C6906M;6906M;18;606
C6906M.0001;POSTO ATLANTICO - BABY POLO MC - PIQUET PV 01 MARINHO - G;C6906M;6906M;18;606
C6908L;MASCOR -  BABY GOLA POLO MC - PIQUET INGLES 66 VD MILITAR;C6908L;6908L;9;602
C6908L.0001;MASCOR -  BABY GOLA POLO MC - PIQUET INGLES 66 VD MILITAR - G;C6908L;6908L;9;602
C6918M;WORLEY- BABY LOOK GOLA POLO MC PIQUET PA - 001 BRANCO;C6918M;6918M;9;606
C6918M.0001;WORLEY- BABY LOOK GOLA POLO MC PIQUET PA - 001 BRANCO - G;C6918M;6918M;9;606
C6919M;WORLEY- CAMISETA GOLA POLO MC PIQUET PA - 001 BRANCO;C6919M;6919M;9;602
C6919M.0001;WORLEY- CAMISETA GOLA POLO MC PIQUET PA - 001 BRANCO - G;C6919M;6919M;9;602
C6924J;CEDRO GAS - CAMISETA GOLA POLO MC - POLIVIS  065VERDE I;C6924J;6924J;9;602
C6924J.0001;CEDRO GAS - CAMISETA GOLA POLO MC - POLIVIS  065VERDE I - G;C6924J;6924J;9;602
C6928M;BNO COMERCIO -  CAMISETA GOLA RED ML - POLIVIS 025 CZ;C6928M;6928M;18;600
C6928M.0001;BNO COMERCIO -  CAMISETA GOLA RED ML - POLIVIS 025 CZ - G;C6928M;6928M;18;600
C6935I;ARM VENDA -  CAMISETA GOLA POLO MC - PIQUET PA 998 MESCLA;C6935I;6935I;9;602
C6935I.0001;ARM VENDA -  CAMISETA GOLA POLO MC - PIQUET PA 998 MESCLA - G;C6935I;6935I;9;602
C6935L;POSTO COCAL - CAMISETA POLO MC - PIQUET PV 012 VERM;C6935L;6935L;18;602
C6935L.0001;POSTO COCAL - CAMISETA POLO MC - PIQUET PV 012 VERM - G;C6935L;6935L;18;602
C6936M;CHARRUA -  CAMISETA GOLA POLO MC - PIQUET PA 178 VERMELHO;C6936M;6936M;18;602
C6936M.0001;CHARRUA -  CAMISETA GOLA POLO MC - PIQUET PA 178 VERMELHO - G;C6936M;6936M;18;602
C6959H;MAGIUS - CAMISETA GOLA RED MC - MALHA ALG 30/1 CARD 130 MARIN;C6959H;6959H;9;600
C6959H.0001;MAGIUS - CAMISETA GOLA RED MC - MALHA ALG 30/1 CARD 130 MARIN - G;C6959H;6959H;9;600
C6988L;BNO - CAMISETA POLO MC - POLIVIS 034 VERDE;C6988L;6988L;18;602
C6988L.0001;BNO - CAMISETA POLO MC - POLIVIS 034 VERDE - G;C6988L;6988L;18;602
C9017G;SJP - MOLETON RED - FLANELADO 093 AZ RY;C9017G;9017G;9;914
C9017G.0001;SJP - MOLETON RED - FLANELADO 093 AZ RY - G;C9017G;9017G;9;914
C9019E;INDUCAL - MOLETOM GOLA RED - FLANELADO 130 AZUL MARINHO;C9019E;9019E;9;914
C9019E.0001;INDUCAL - MOLETOM GOLA RED - FLANELADO 130 AZUL MARINHO - G;C9019E;9019E;9;914
C9149H;MOET HENNESSY - COLETE V - DOPTEL PLUS 001--1391 CYAN;C9149H;9149H;9;920
C9149H.0001;MOET HENNESSY - COLETE V - DOPTEL PLUS 001--1391 CYAN - G;C9149H;9149H;9;920
C9178G;GRAMADO- ROUPAO - MED ESP - 100 PES PVC REPELENT 04 ROYAL;C9178G;9178G;9;301
C9178G.0001;GRAMADO- ROUPAO - MED ESP - 100 PES PVC REPELENT 04 ROYAL - G;C9178G;9178G;9;301
C9248B;DENAT - MOLETOM GOLA V - FELPADO 15 GELO;C9248B;9248B;9;912
C9248B.0001;DENAT - MOLETOM GOLA V - FELPADO 15 GELO - G;C9248B;9248B;9;912
C9270G;DASS - JALECO SEM MANGA - MED ESP -  DOPTEL E9265 CINZA;C9270G;9270G;9;300
C9270G.0001;DASS - JALECO SEM MANGA - MED ESP -  DOPTEL E9265 CINZA - 5GG;C9270G;9270G;9;300
C9297G;POSTO DUQUE - MOLETON MASC - FLANELADO 061 PTO;C9297G;9297G;18;914
C9322G;ALIANCA - MOLETON RED - FLANELADO 996 MESCLA;C9322G;9322G;9;914
C9322G.0001;ALIANCA - MOLETON RED - FLANELADO 996 MESCLA - G;C9322G;9322G;9;914
C9347C;TFL - MOLETON - FLANELADO 08 MESCLA;C9347C;9347C;9;914
C9347C.0001;TFL - MOLETON - FLANELADO 08 MESCLA - G;C9347C;9347C;9;914
C9480F;ERACI - MOLETON MASC - FLANELADO 061 PRETO;C9480F;9480F;18;914
C9480F.0001;ERACI - MOLETON MASC - FLANELADO 061 PRETO - G;C9480F;9480F;18;914
C9539G;LEAR - SAIA MEIO ELAST - UNIVERSAL 1009 CINZA;C9539G;9539G;9;111
C9539G.0001;LEAR - SAIA MEIO ELAST - UNIVERSAL 1009 CINZA - G;C9539G;9539G;9;111
C9591G;FELTEN E QUADROS - MOLETON RED - FLANELADO 130 MARINHO;C9591G;9591G;9;914
C9591G.0001;FELTEN E QUADROS - MOLETON RED - FLANELADO 130 MARINHO - G;C9591G;9591G;9;914
C9615G;MEZAS - MOLETON RED - FLANELADO 061 PRETO;C9615G;9615G;9;914
C9615G.0001;MEZAS - MOLETON RED - FLANELADO 061 PRETO - G;C9615G;9615G;9;914
C9622F;POSTO MAIOCHI - MOLETON MASC - FLANELADO 078 VERM;C9622F;9622F;18;914
C9622F.0001;POSTO MAIOCHI - MOLETON MASC - FLANELADO 078 VERM - G;C9622F;9622F;18;914
C9664E;POSTO ZAKA - MOLETON  MASC - CASHMERE 20130 VERM;C9664E;9664E;18;914
C9664E.0001;POSTO ZAKA - MOLETON  MASC - CASHMERE 20130 VERM - G;C9664E;9664E;18;914
C9697C;V8 KISNER - MOLETON GOLA RED - MOLETON FELPADO 14 CZ;C9697C;9697C;9;914
C9697C.0001;V8 KISNER - MOLETON GOLA RED - MOLETON FELPADO 14 CZ - G;C9697C;9697C;9;914
C9728G;GROSS E COSTA - MOLETOM MASC - FELPADO 130 MARINHO;C9728G;9728G;18;914
C9728G.0001;GROSS E COSTA - MOLETOM MASC - FELPADO 130 MARINHO - G;C9728G;9728G;18;914
C9744B;ARROZ PALMARES - MOLETON GOLA RED - FELPADO 13 BORDO;C9744B;9744B;9;914
C9744B.0001;ARROZ PALMARES - MOLETON GOLA RED - FELPADO 13 BORDO - G;C9744B;9744B;9;914
C9761E;PMI - MOLETON GOLA RED - FLANELADO 001 BRANCO;C9761E;9761E;9;914
C9761E.0001;PMI - MOLETON GOLA RED - FLANELADO 001 BRANCO - G;C9761E;9761E;9;914
C9801F;SAN DJENARO - MOLETON - FLANELADO 130 MARINHO;C9801F;9801F;18;914
C9801F.0001;SAN DJENARO - MOLETON - FLANELADO 130 MARINHO - G;C9801F;9801F;18;914
C9808G;DASS - JALECO SEM MANGA - MED ESP -  DOPTEL E9265 CINZA;C9808G;9808G;9;300
C9808G.0001;DASS - JALECO SEM MANGA - MED ESP -  DOPTEL E9265 CINZA - 4GG;C9808G;9808G;9;300
C9855G;HELLER- MOLETOM V - FLANELADO 08 CACHEMIR MESCLA CLARO;C9855G;9855G;9;912
C9855G.0001;HELLER- MOLETOM V - FLANELADO 08 CACHEMIR MESCLA CLARO - G;C9855G;9855G;9;912
C9864G;UNIMED - COLETE GOLA V - UNISOFT 1232 LARANJA;C9864G;9864G;9;300
C9864G.0001;UNIMED - COLETE GOLA V - UNISOFT 1232 LARANJA - G;C9864G;9864G;9;300
C9869E;SHOPPING CAR - MOLETOM MASCULINO - FELPADO 7 MARROM;C9869E;9869E;18;914
C9869E.0001;SHOPPING CAR - MOLETOM MASCULINO - FELPADO 7 MARROM - G;C9869E;9869E;18;914
C9921F;CENCI - MOLETON GOLA RED FEMININO  - 3 CABOS 036 CHUMBO;C9921F;9921F;9;914
C9921F.0001;CENCI - MOLETON GOLA RED FEMININO  - 3 CABOS 036 CHUMBO - G;C9921F;9921F;9;914
C9979G;FGVTN - COLETE GOLA V - UNILESTER SOFT 2015 VERDE;C9979G;9979G;9;921
C9979G.0001;FGVTN - COLETE GOLA V - UNILESTER SOFT 2015 VERDE - G;C9979G;9979G;9;921
