3541ZZ;C3541ZZ;PADARIA AM PM - TOUCA DE ABRIGO - BRANCO;G;1;
5919E;C5919E;BELEBAS - JAQUETA MASC - NYLON 100  COSTURA 5 X 5 16 PRETA;G;32;NYLON 100
2306M;C2306M;TECNOVIN - CAMISA RETARD CHAMAS ML - CEDROTECH FR 5098 AZ RY;52;33;
1996D;C1996D;TER SAO CIRO - CALCA ELAST TOTAL - UNIFORTE 1014 AZ RY;G;100;
1040K;C1040K;RRC - CALCA ELAST TOTAL - SARJA LIDER 250GR 8260 CINZA;G;100;
1206J;C1206J;POSTO RADAR - CALCA ELAST TOTAL - POLYCEDROBRIM 5136 AZUL;G;100;
1437J;C1437J;POSTO COMB APOLO 3 - CALCA ELAST TOTAL - PIED POULE;G;100;
1971J;C1971J;PAESE - CALCA ELAST TOTAL - UNIFORTE 1016 PRETO;G;100;
1802I;C1802I;METALS - CALCA ELAST TOTAL - UNIVERSAL 1008 MARINHO;G;100;
1111E;C1111E;CORD DE SANTANA - CALCA ELAST TOTAL - UNIFORTE 1015 VERDE;G;100;
1492F;C1492F;BOTUCARAI - CALCA ELAST TOTAL - UNILEVE 1002 CINZA;G;100;
1600D;C1600D;BELLA DONA - CALCA ELAST TOTAL - UNILESTER 2008 AZ MARINHO;G;100;
1651K;C1651K;TUMELERO - CALCA MEIO ELAST - JEANS STRECH BELATRIX;46;101;
1361D;C1361D;SERRANA - CALCA MEIO ELAST - UNIFORTE 1006;46;101;
00462ZZ;C00462ZZ;MET FEY - CALCA MEIO ELAST - UNIFORTE 1019 AZUL;46;101;
00544ZZ;C00544ZZ;MET FEY - BERMUDA MEIO ELAST -  UNIFORTE 1019 AZ;46;101;
00278ZZ;C00278ZZ;KEPLER - CALCA - UNIFORTE 1014 AZ RY;46;101;
00568ZZ;C00568ZZ;ALTONA - CALCA MEIO ELAST - UNIVERSAL 1244 MARINHO;46;101;
1476J;C1476J;ALIANCA - CALCA MEIO ELAST - UNIFORTE 1002 CZA;46;101;
1025H;C1025H;AGUIA SISTEMAS - CALCA MEIO ELASTICO - CEDROPAC II 5228 AZ MAR;46;101;
1042K;C1042K;THUEDI - CALCA MEIO ELAST - UNILESTER 2002 CINZA;G;101;
1343G;C1343G;SPONCHIADO - CALCA MEIO ELAST - UNILESTER POLI 2002 CINZA;G;101;
1062K;C1062K;SINERGIA - CALCA MEIO ELAST - SARJA 250GR 8260 CINZA;G;101;
1511K;C1511K;SETUP - CALCA MEIO ELAST - UNIFORTE 1009 CZ;G;101;
1249H;C1249H;RUDINICK - CALCA ELAST TOTAL - UNITEX 5018 AZUL MARINHO;G;101;
6504ZZ;C6504ZZ;ROD OIL - CALCA MEIO ELAST MASC - UNILIGHT 5006 VERDE PETROLEO;G;101;
1390I;C1390I;POSTO ORIGEM - CALCA MEIO ELAST - UNITECH 5016 PRETO;G;101;
1742J;C1742J;POSTO BERTOLINI - CALCA MEIO ELAST MASC - UNILESTER PLUS 2014;G;101;
1136G;C1136G;POSTO ALPA -  CALCA MEIO ELAST FEM- UNILESTER SOFT 2016 PTO;G;101;
1501ZZ;C1501ZZ;PETROBRAS - CALCA PISTA/GERENT/FRENT FEM - UNILESTER 2050 CZ;G;101;
1302J;C1302J;PETROBRAS - CALCA PISTA/GER/FRENT GESTANTE - UNILESTER 2050 CZ;G;101;
1576ZZ;C1576ZZ;PETROBRAS - CALCA ATEND BR MANIA MASC - UNIMAX 5421 CAQUI;G;101;
1580ZZ;C1580ZZ;PETROBRAS - CALCA ATEND BR MANIA FEM - UNIMAX 5421 CAQUI;G;101;
1987B;C1987B;NYCO - CALCA MEIO ELAST - UNIFORTE 1014 A ZRY;G;101;
1621F;C1621F;MULTIPETRO - CALCA MEIO ELAST - UNIVERSAL 1244  AZ MARINHO;G;101;
1479K;C1479K;MS - CALCA MEO ELAST FEM - UNILESTER 2050 CZ;G;101;
1432K;C1432K;MARFRIG - CALCA MEIO ELAST - UNILESTER 2001 BRANCO;G;101;
1829C;C1829C;JORNADA MET - CALCA MEIO ELAST - SARJA LIDER 8260 CINZA;G;101;
1622I;C1622I;HOERLLE E ASSUMPCAO - CALCA MEIO ELAST - UNILESTER 2002 C;G;101;
1731K;C1731K;DOW BRASIL - CALCA MEIO ELAST FEM - CEDROBRIM  SUPER 8053 VD;G;101;
1635H;C1635H;COMB. FT - CALCA MEIO ELAST - POLYCEDROBRIM SUPER 4617 VERDE;G;101;
1497B;C1497B;COMB SILVEIRA - CALCA MEIO ELAST - UNIFORTE 1043 VERD;G;101;
4200ZZ;C4200ZZ;CHARRUA - CALCA MEIO ELAST- UNILESTER SOFT 2050 CZ;G;101;
4100ZZ;C4100ZZ;CHARRUA - CALCA MEIO ELAST GERENTE MASC;G;101;
1165F;C1165F;CENCI - CALCA MEIO ELAST MOTORISTA  - UNIFORTE 1009 CINZA;G;101;
6115ZZ;C6115ZZ;CALCA MEIO ELAST FEM- UNILESTER SOFT 2016 PRETO;G;101;
1503K;C1503K;BNO COMERCIO  - CALCA MEIO ELAST - UNITECH 5053 CINZA;G;101;
1030K;C1030K;ALTONA - CALCA COS MEIO ELAST - UNIVERSAL 1021 CAQUI;G;101;
1891E;C1891E;ALTONA - CALCA COS MEIO ELA - UNIFORT 1021 CAQUI ESPEC;G;101;
5501ZZ;C5501ZZ;ALE - CALCA PISTA MASCULINA - PLYCOTTON LEVE  5229 MARINHO;G;101;
1956I;C1956I;ABAST FROHLICH - CALCA MEIO ELAST - UNITECH 5016 PRETO;G;101;
1443K;C1443K;PREF DE JAHU - CALCA COS INTEIRO FEM - UNILESTER 2016 PTO;46;102;
1719J;C1719J;SNOWLAND GRAM - CALCA COS INT- MED ESP 100%PES PVC REP 26 COL;G;102;
1720J;C1720J;SNOWLAND GRAMADO - CALCA COS INT- MED ESP 100%PES PVC REP 26 COL;G;102;
1487K;C1487K;SINDUS - CALCA COS INTEIRO - POLYCEDROBRIM 5228 MARINHO;G;102;
1533J;C1533J;PREF DE CONCORDIA - CALCA COS INT - CEDRO RIP STOP 2018 AZ;G;102;
1488J;C1488J;POSTO MARTINEZ - CALCA MEIO ELAST - UNILESTER SOFT 2050 CZ;G;102;
1019J;C1019J;MUNDIAL - CALCA COS INTEIRO FEM - CEDRO RIP STOP 2016 PRTO;G;102;
1517K;C1517K;MJ - CALCA COS INTEIRO - 100%PES PVC REP 04 AZ RY;G;102;
1740F;C1740F;MARINES - CALCA COS INTEIRO - TECHNO RIP STOP 723 CAQUI;G;102;
1583K;C1583K;JLL - CALCA COS INTEIRO - UNIVERSAL 1414 AZUL ROYAL;G;102;
1428D;C1428D;FIBRAPLAC - CALCA COS INTEIRO - TECHNO RIP STOP 723 CAQUI;G;102;
6502ZZ;C6502ZZ;ROD OIL - CALCA SOCIAL MASC - UNILESTER FIT 2050 CINZA;G;103;
1817G;C1817G;REDE MONTEIROS - CALCA SOCIAL FEM - UNILESTER PLUS 2016 PRETO;G;103;
1105G;C1105G;POSTO MARINHO - CALCA SOCIAL MASC - UNILESTER PLUS 2018 AZ;G;103;
1844J;C1844J;CENCI - CALCA SOCIAL MASC - UNILESTER FIT 2050 CINZA;G;103;
3537ZZ;C3537ZZ;CALCA PADARIA MASC;G;103;
6100ZZ;C6100ZZ;CALCA GERENTE MASC;G;103;
1763I;C1763I;BANDEIRANTE - CALCA GERENTE MASC - UNILESTER FIT 2050 CZA;G;103;
1915J;C1915J;TECMIDIAWEB - CALCA JEANS MASC - IGOR 10OZ AZUL;46;104;
1202H;C1202H;KEPLER - CALCA  JEANS MASC - JEANS IGOR 100% 10 OZ;46;104;
1669K;C1669K;HELLER - CALCA JEANS MASC - STRECH COM ELASTANO;46;104;
1637K;C1637K;EATON - CALCA JEANS MEIO ELAST MASC - CEDROAC II 8047 CZ;46;104;
1596J;C1596J;POSTO TIMBOZAO - CALCA JEANS MASC - UNITECH 5008 MARINHO;G;104;
1488I;C1488I;MOA - CALCA JEANS MASC - JEANS IGOR 10OZ;G;104;
00581ZZ;C00581ZZ;ANDRADE GUTIERREZ - CALCA  JEANS MASC - JEANS IGOR;G;104;
00582ZZ;C00582ZZ;ANDRADE GUTIERREZ - CALCA  JEANS FEM - JEANS IGOR;G;104;
1545K;C1545K;HELLER - CALCA JEANS FEM - JEANS STRECH ELASTANO;46;105;
1747J;C1747J;POSTO PEROLA - CALCA PISTA FEMININA - UNMAX 5418 AZ;G;105;
1458E;C1458E;MARQUETTO - CALCA MOD JEANS FEM - POLYCEDRO BRIM 4617 VERDE;G;105;
1743J;C1743J;BERTOLINI - CALCA FEMININA - UNILESTER 2014 AZ RY;G;105;
5505ZZ;C5505ZZ;ALE - CALCA PISTA FEMININA - POLYCOTTON LEVE 5229 MARINHO;G;105;
6503ZZ;C6503ZZ;ROD OIL - CALCA SOCIAL FEM - UNILESTER FIT 2050 CINZA;G;106;
1684K;C1684K;POSTO ZOOLOGICO - CALCA SOCIAL FEM - UNILESTER 2050 CZ;G;106;
1203I;C1203I;MINAS BR - CALCA SOCIAL FEM - UNILESTER PLUS 2050 CZ;G;106;
1983J;C1983J;IGUATEMI - CALCA SOCIAL FEMININO - UNILESTER FIT 2018 MARIN;G;106;
6111ZZ;C6111ZZ;CALCA FEM - UNILESTER 2050 CZ;G;106;
1427K;C1427K;TFG - CALCA ELAST TOTAL - UNIFORTE 1016 PTO;46;107;
1592J;C1592J;RECH - CALCA ELAST TOTAL - SARJA 250GR 5280 AZ RY;46;107;
1492K;C1492K;PREF IBIRAMA - CALCA ELAST TOTAL C CORDAO -SARJA LIDER 8260 CZ;46;107;
1377G;C1377G;MUN FRAIBURGO - CALCA ELAST T C CORDAO - SARJA 250GR 5280 AZ RY;46;107;
1814E;C1814E;HP ENGENHARIA - CALCA ELAST TOTAL - CEDROPAC II 5228 Z MAR;46;107;
1532K;C1532K;AKER SOLUTIONS - CALCA ELAST TOTAL - POLICEDROBRIM SUPER 1052;46;107;
1947H;C1947H;RANDON - CALCA ELAST TOTAL - MED ESP - UNIFORTE 1003 AZ CELES;ESPEC;107;
1009J;C1009J;RANDON - CALCA ELAST TOTAL - MED ESP - UNIFORTE 1003 AZ CEL;ESPEC;107;
1393K;C1393K;RANDON - CALCA ELAST TOTAL - MED ESP - UNIFORTE 1003 AZ CEL;ESPEC;107;
1684J;C1684J;MASCARELLO - CALCA ELAS TOT - MED ESP - UNIVERSAL 1414 AZ RY;ESPEC;107;
1498J;C1498J;FRAS LE - CALCA ELAST TOTA L - MED ESP - UNIFORTE 1003 AZ CEL;ESPEC;107;
1122F;C1122F;FRAS LE - CALCA ELAST T C CORDAO ESPEC - UNIFORTE 1003 AZ;ESPEC;107;
1044K;C1044K;AGRO PERTENCES - CALCA ELAS TOTAL - MED ESP -SARJA 250GR 8260;ESPEC;107;
1106K;C1106K;VIEMAR - CALCA ELAST TOTAL  - SARJA 202GR 8260 CINZA;G;107;
1389I;C1389I;SETA - CALCA ELAST TOTAL - CEDROLEVE SUPER 8053 VERDE;G;107;
1298F;C1298F;SANEP - CALCA E/TOTAL C CORDAO - SARJA LIDER 250 GM 5280 AZ RY;G;107;
1128J;C1128J;REALIZ - CALCA ELAST TOTAL - SARJA LIDER 250GR 8260 CINZA;G;107;
1646K;C1646K;PREF TEUTONIA - ELAST TOTAL CORD LISA - UNILESTER POLI 2001 BC;G;107;
1168C;C1168C;POSTO DO GALO - CALCA - UNIFORTE 1009;G;107;
1351K;C1351K;PLASZOM - CALCA ELAST TOTAL - MALHA COLEGIAL FIACAO 03 AZ RY;G;107;
1572J;C1572J;MARCOS - CALCA ELAST TOTAL - UNIFORTE 1009 CINZA;G;107;
1584K;C1584K;MARCOPOLO - CALCA ELAST TOTAL - UNIVERSAL 1414 AZ RY;G;107;
1072K;C1072K;L E A INDUSTIRA - CALCA ELAST TOTAL - UNIFORTE 1001 BRANCO;G;107;
1898G;C1898G;KISNER - CALCA ELAST TOTAL - UNITECH 5006 VERDE;G;107;
1397K;C1397K;JAIC AUTO POSTO - CALCA ELAST TOT - SARJA 250GR 5280 AZ RY;G;107;
1403K;C1403K;JAIC - CALCA ELAST TOTAL - UNITECH 5001 BRANCO;G;107;
1598J;C1598J;JA DE MATOS - CALCA ELAST TOTAL - SARJA 250 CINZA 8260 CINZA;G;107;
1589K;C1589K;ECOFAR - CALCA ELAST TOTAL C CORDAO - UNIVERSAL 1414 AZ RY;G;107;
1705J;C1705J;CONTITECH - CALCA ELAST TOTAL CORDAO - NYLON PARAQ 16 MAR;G;107;
1689K;C1689K;CONTINENTAL - CALCA ELAST TOTAL  - CEDROPAC SUPER 5228 AZ MARI;G;107;
1493K;C1493K;CISAMVI - ELAST TOTAL COM CORDAO - UNIVERSAL 1021 CAQUI;G;107;
1669J;C1669J;CENCI - CALCA ELAST TOTAL C CORDAO - CEDROTECH 5228 AZ;G;107;
1469K;C1469K;CAPAL - CALCA ELAST TOTAL - SARJA 250GR 6088 VERDE;G;107;
1920I;C1920I;BRASIL PARALELO - CALCA ELAST TOTAL - CEDROPAC 7158 BEGE;G;107;
00024ZZ;C00024ZZ;AGRALE - CALCA ELAST TOTAL SOLDADOR - SARJA 250GM 8260 CZA;G;107;
00023ZZ;C00023ZZ;AGRALE - CALCA  ELAST TOTAL PRODUCAO - CITBRIM 8080 CZ;G;107;
1494K;C1494K;PLANENG - CALCA ELAST TOTAL RETARD - UNIFORTE FR 1018 MARINHO;46;108;
1196J;C1196J;EC PROJ - CALCA MEIO ELAST RETAR CHAM UNISAFE SLIM 1009 CZ;46;108;
1183I;C1183I;ADAMI - CALCA MEIO ELAST RETARD - UNIFORTE FR 1008 AZ 01;46;108;
1058H;C1058H;VIVIANA ALIMENTOS - CALCA ELAST/T RET - CEDROTECH FR 8048 CZ;G;108;
1777G;C1777G;VIBRA - CALCA ELAST TOTAL  RETARD - UNIFORTE FR 1014 AZ RY;G;108;
1586J;C1586J;TUPY - CALCA MEIO ELAST RETARD CH - CEDROTECH FR 1052 VERMELHO;G;108;
1441H;C1441H;TEXIAN - CALCA ELAST TOTAL RETARD - CEDROTECH 5228 MARINHO;G;108;
1608H;C1608H;TEVERE - CALCA ELAST TOTAL RETARD CHAMAS - CEDROTECH FR 5228;G;108;
1500I;C1500I;SANEP - CALCA MEIO ELAST - CEDROTECH C REFLE VERD - 8047 CINZA;G;108;
1515K;C1515K;PARATI - CALCA ELAST TOTAL - RETARD CHAMAS - CEDROTECH 5098 AZ;G;108;
1746G;C1746G;MUELLER - CALCA MEIO ELAST RETARD - CEDROTECH 8047 CINZA;G;108;
1728K;C1728K;METASA - CALCA MEIO ELAST RETARD CH - CEDROTECH FR 5228 MARI;G;108;
1505K;C1505K;IRMAOS - CALCA RETARD MEIO ELAST - CEDROTECH FR 5098 AZ RY;G;108;
1997J;C1997J;IRMAOS - CALCA RETARD MEIO ELAST - CEDROTCH FR 8047 CINZA;G;108;
1706F;C1706F;FRUKI - CALCA MEIO ELAST RETARD - CEDROTECH FR 5098 AZ RY;G;108;
1548K;C1548K;CROSS - CALCA MEIO ELAST RETARD - CEDROTECH 8047 CINZA;G;108;
00637ZZ;C00637ZZ;CALCA RETART CHAMAS CENCI FITA CEDROTECH FR 5098 AZUL CA 3106;G;108;
1648J;C1648J;BUSCHLE - CALCA MEIO ELAST RETAR CHAM CEDROTECH FR 8047 CZ;G;108;
1555H;C1555H;BRAMETAL - CALCA MEIO ELAST RETAR CHAM - CEDROTECH FR 8047 CZA;G;108;
1668I;C1668I;ALTHERIA  - CALCA MEIO ELAST RETARD CEDROTECH 8047 CZ;G;108;
1501I;C1501I;ALL4LABELS  - CALCA MEIO ELAST RETAR - UNISAFE SLIM 1018 MARIN;G;108;
1925G;C1925G;ALACAST - CALCA ELAST TOTAL RETARD - CEDROTECH 5098  AZ RY;G;108;
1079J;C1079J;WHIRPOOL - CALCA MEIO ELAST - MED ESP UNISAFE SLIM 1014 AZ RY;46;109;
1109H;C1109H;TORRECID - CALCA RETARD CH  ELAST T -  CEDROTECH 5228 AZ MR;46;109;
1597E;C1597E;TECNOVIN - CALCA ELAST TOTAL RETARD - CEDROTECH 5098 AZ RY;46;109;
1098K;C1098K;TECNOVIN - CALCA ELAST TOTAL - CEDROTECH FR 5098 AZ RY;46;109;
1928J;C1928J;PORTOBELLO - CALCA MEIO ELAST CEDROTECH FR 5228 MARIN;46;109;
1558F;C1558F;MINUANO ALIM - CALCA RETARD MEIO ELAST - CEDROTECH 8047 CINZA;46;109;
1307E;C1307E;MEGA WATTS - CALCA MEIO ELAST RETARD CHAMAS - CEDROTECH 5228 AZ;46;109;
1717J;C1717J;AKER SOLUTIONS  - CALCA  RETARD - CEDROTECH FR 1052 VERM;46;109;
1143K;C1143K;COAMO - CALCA RETARD ELAST - MED ESP - CEDROTECH FR 5098 AZ RY;ESPEC;109;
1161K;C1161K;WEG - CALCA ELAST TOTAL - CEDROTECH FR 8047 CZ;G;109;
1859J;C1859J;UNIMED- CALCA RETARD CHAMAS MEIO ELAST - UNIFORTE  FR 1009 CZ;G;109;
1763J;C1763J;TIROL - CALCA MEIO ELAST RESTARD - CEDROTECH 8047 CINZA;G;109;
1207K;C1207K;SUPREMO - CALCA  MEIO ELAST RETARD - CEDROTECH FR 4620-VERDE;G;109;
1564J;C1564J;SEG AUTOMOTIVE - CALCA MEIO ELAST - UNISAFE SLIM 1021 CAQI;G;109;
00419ZZ;C00419ZZ;SCHULZ - CALCA RETARD  MEIO ELAST -  UNIFORTE FR 1021 CAQUI;G;109;
1948J;C1948J;SANMARTIN - CALCA MEIO ELAST RETARD - UNISAFE SLIM 1018 MARIN;G;109;
1435K;C1435K;SALTON - CALCA MEIO ELAST - CEDROTECH FR 5228 MARINHO;G;109;
1307I;C1307I;RAROZ - CALCA MEIO ELAST RETARD - CEDROTECH 8047 CINZA;G;109;
1686J;C1686J;PLASTRELA - CALCA ELAST TOTAL - CEDROTECH 8047 CINZA;G;109;
1836J;C1836J;NEUGEBAUER - CALCA RETARD MEIO ELAST - UNIFORTE FR 10414 AZ RY;G;109;
1374I;C1374I;NELSON - CALCA RETARD MEIO ELAST - UNIFORTE FR 1014 AZ RY;G;109;
1181G;C1181G;MINUANO ALIM - CALCA RETAR MEIO ELAST - UNIFORTE FR 1014 AZ RY;G;109;
1988I;C1988I;MICROJUNTAS - CALCA  RETARD CHAMAS MEIO ELAST - CEDROTECH 8047;G;109;
1728I;C1728I;MEBER - CALCA NR10 MEIO ELAST - CEDROTECH FR 5098 AZ RY;G;109;
1073H;C1073H;MAXIPLAST- CALCA RETARD CH  MEIO ELAST -  CEDROTECH FR 8047 CZ;G;109;
1074H;C1074H;MAXIPLAST- CALCA RETARD CH  MEIO ELAST -  CEDROTECH FR 8047 CZ;G;109;
1075H;C1075H;MAXIPLAST- CALCA RETARD CH  MEIO ELAST -  CEDROTECH 8047 CZ;G;109;
1637J;C1637J;MAREL - CALCA MEIO ELAST RETARD - UNIFORTE FR 1014 AZ RY;G;109;
1425K;C1425K;KURITA - CALCA MEIO ELAST RETARD - UNIFORTE FR 1018 MARINHO;G;109;
1457K;C1457K;INCOFIOS - CALCA RETARD CHAMAS - CEDROTECH  FR 8047 CZ;G;109;
1032J;C1032J;HOSP GERAL - CALCA  RETARD MEIO ELAST CEDROTECH 8047 CINZA;G;109;
1532J;C1532J;HELEVAR - CALCA RETARD MEIO ELAST - CEDROTECH 5098 AZ RY;G;109;
1947J;C1947J;FRIG NOVA ARACA - CALCA RETARD MEIO ELAST - UNISAFE SL 1009 CZ;G;109;
1519F;C1519F;ENGEPAN - CALCA RETARD CHAMAS MEIO ELAST UNIFORTE FR 1009 CZ;G;109;
1932D;C1932D;ELETROMAIS - CALCA ANTI CHAMAS -CEDROTECH 5098 AZ RY;G;109;
1083I;C1083I;DOW BRASIL- CALCA RETARD CHAMAS MEIO ELAST - CEDROTECH FR 5098;G;109;
1029K;C1029K;DIGIPLAN - CALCA ELAST TOTAL RETARD - CEDROTECH GR 8047 CZ;G;109;
1524H;C1524H;DASAN - CALCA RETART CHAMAS MED ESP - UNIFORTE FR 1009 CZA;G;109;
1771J;C1771J;DASAN - CALCA  MEIO ELAST - CEDROTECH 8047 CINZA;G;109;
1089J;C1089J;COTRISUL - CALCA MEIO ELAST RETARD - CEDROTECH 8047 CINZA;G;109;
1703K;C1703K;COSMA DO BRASIL - CALCA RETARD MEIO ELAST - CEDROTECH  FR 5228;G;109;
1041K;C1041K;CBC - CALCA MEIO ELAST RETARD - CEDROTECH FR 5098 AZ RY;G;109;
1689E;C1689E;CARRARO - CALCA  ELAST T C CORDAO RETARD CHAMAS CEDROTECH 5098;G;109;
00358ZZ;C00358ZZ;CALCA RETART CHAMAS CENCI UNIFORTE FR 1009 CINZA;G;109;
00360ZZ;C00360ZZ;CALCA RETART CHAMAS CENCI SEM FITA UNIFORTE FR 1014 AZUL;G;109;
1210F;C1210F;BERTOLINI - CALCA  RETAR CHAMAS MEIO ELAST - UNIFORTE FR 1009;G;109;
1547F;C1547F;AUTOMASAFETY - CALCA  RETARD CHAMAS - CEDRETECH 8047 CINZA;G;109;
1385G;C1385G;AGRA - CALCA ELASTICO TOTAL RETARD - CEDROTECH FR 5098 AZ RY;G;109;
6527ZZ;C6527ZZ;ROD OIL - BERMUDA MEIO ELAST MASC - UNILIGHT 5006 VERDE;G;110;
9539G;C9539G;LEAR - SAIA MEIO ELAST - UNIVERSAL 1009 CINZA;G;111;
1136I;C1136I;COMB HUBERT -  BERM MEIO ELAST - UNILESTER SOFT 2016 PRETO;G;111;
3502ZZ;C3502ZZ;BERMUDA FRENTISTA MASC;G;113;
1535K;C1535K;GRAMADO TERMAS- BER SOCIAL FEM DOPTEL PLUS 001-1223-BLUE NIGHT;46;116;
1615K;C1615K;FOZ STARS - BERM ELAST TOTAL - UNIVERSAL 1010 EBGE;G;117;
1165K;C1165K;NB - CALCA RETAR METAL LIQUIDO MEIO ELAST - UNIPOWER 1018 MARI;G;150;
00309ZZ;C00309ZZ;ALTONA - CAMISA ABERTA MC;52;200;
2389A;C2389A;XALINGO - CAMISA ABERTA MC - UNILEVE 1009;52;200;
00314ZZ;C00314ZZ;ALTONA - CAMISA ABERTA ML;52;200;
00311ZZ;C00311ZZ;ALTONA - CAMISA ABERTA MC;52;200;
00310ZZ;C00310ZZ;ALTONA - CAMISA  ABERTA ML;52;200;
00312ZZ;C00312ZZ;ALTONA - CAMISA  ABERTA ML;52;200;
2607M;C2607M;XALINGO - CAMISA ABERTA  ML - SARJA 202GR 5280 AZ RY;G;200;
2608M;C2608M;XALINGO - CAMISA ABERTA  MC - SARJA 202GR 5280 AZ RY;G;200;
2672M;C2672M;SETUP - CAMISA ABERTA ML - UNIFORTE 1009 CINZA;G;200;
00424ZZ;C00424ZZ;RVT - CAMISA ABERTA ML - UNISOFT 1006 VERDE;G;200;
2598J;C2598J;PACHECAO - CAMISA ABERTA ML - UNILIGHT 5009 CINZA;G;200;
2484K;C2484K;METALS - CAMISA ABERTA ML -  UNILEVE 1008 MARINHO;G;200;
2279G;C2279G;MARINES - CAMISA ABERTA ML - TECHNO RIP STOP 723 CAQUI;G;200;
2220M;C2220M;MARCOPOLO - GANDOLA ML - CEDRO  RIP STOP 8113 CINZA;G;200;
2915D;C2915D;HP ENGENHARIA - CAMISA ABERTA ML - CEDROLEVE SUPER 5228 MARI;G;200;
2910M;C2910M;DOW BRASIL - CAMISA ABERTA FEM ML - CEDROBRIM SUPER 8053 VD;G;200;
2394F;C2394F;COMB APOLLO - CAMISA ABERTA MC - UNILEVE 1013 VERM;G;200;
2922M;C2922M;AURA ALMAS - CAMISA SOCIAL ADM ML - UNISOFT 1244 MARINHO;G;200;
00022ZZ;C00022ZZ;AGRALE - JALECO ML PRODUCAO - CITBRIM 8080 CINZA;G;200;
2057H;C2057H;SPONCHIADO - CAMISA GOLA POLO MC - PROFIT MIX 063-920 CINZA;G;201;
2236M;C2236M;RIO GRANDE - CAMISA POLO MC - UNISOFT 1043 VERDE;G;201;
2173B;C2173B;POSTO GALO - CAMISA GOLA POLO MC - UNILEVE 1009;G;201;
2868L;C2868L;POSTO BERTOLINI - CAMISA FEM MC - UNICOMFORT FLEX 6139 AZUL;G;201;
00491ZZ;C00491ZZ;KEPLER - CAMISA POLO MC - UNILEVE 1013 VERM;G;201;
2996I;C2996I;KEPLER - CAMISA GOLA POLO ML - UNILEVE 1013 VERM;G;201;
5502ZZ;C5502ZZ;ALE - CAMISA FRENTISTA MASC - CEDROFIL 5228 MARINHO;G;201;
5504ZZ;C5504ZZ;ALE - CAMISA FRENTISTA FEM - CEDROFIL 5302 AZ CELESTE;G;201;
2485M;C2485M;MASCARELLO  - CAMISA OPER MC - MED ESP - UNIOFFICE 3004 AZUL;ESPEC;203;
2458H;C2458H;VIVER COM - CAMISA SOCIAL OPER MASC MC - UNISTILL 6147 VERM;G;203;
2303J;C2303J;STATUS RIO - CAMISA OPER  MC - CEDROFIL 002 BRANC;G;203;
2940L;C2940L;STARSOL - CAMISA OPER ML TRICOLINE CANNES 001-1230 COBALTO;G;203;
2708M;C2708M;SPRINGER - CAMISA OPER ML - PROFIT 001-1240 PROVENCE;G;203;
2709M;C2709M;SPRINGER - CAMISA OPER MC - PROFIT 001-1240 PROVENCE;G;203;
2649M;C2649M;SINDUS - CAMISA OPER ML - POLYCEDROBRIM 5228 MARINHO;G;203;
2250J;C2250J;SHOPPING CAR -  CAMISA OPER ML - UNIOFFICE CAM 3014;G;203;
6519ZZ;C6519ZZ;ROD OIL - CAMISA OPER MC - DOPFIL 004-9115 CZ MESCLA;G;203;
2437I;C2437I;REDE OLA - CAMISA SOCIAL OPER MC - UNIOFFICE CON 3001 BCO;G;203;
2428I;C2428I;REDE OLA - CAMISA SOC OPER MC - CEDROFIL 002 BRANCO;G;203;
2745M;C2745M;REDE HG - CAMISA OPER ML - UNISTILL SOFT 6101 BCO;G;203;
2272M;C2272M;REDE HG - CAMISA OPER ML - CEDROFILL  0002 BCO;G;203;
2667M;C2667M;REDE DIGOS - CAMISA OPER ML - CEDROFIL 0002 BRANCO;G;203;
2846M;C2846M;POSTO ZOOLOGICO - CAMISA OPAR MC - CEDROFIL 002 BRANCO;G;203;
2921M;C2921M;POSTO QUALITY - CAMISA MASC ML - UNICOMFORT 6223 VD;G;203;
2528M;C2528M;POSTO PETROTAVARES - CAMISA OPER MC - UNIOFFICE 3002 CINZA;G;203;
2491M;C2491M;POSTO G3 - CAMISA OPER MC - CEDROFIL 5322 AZUL;G;203;
2098K;C2098K;POSTO DUTRA - CAMISA SOCIAL OPER  MC - UNISTILL SOFT 6147 VERM;G;203;
2885J;C2885J;POSTO COM FIT - CAMISA SOCIAL OPER MC - UNIFILL 6509 CINZA;G;203;
1507ZZ;C1507ZZ;PETROBRAS - CAMISA OPER ML - UNICOMFORT FLEX 6223 VD BANDEIRA;G;203;
2174L;C2174L;PETROBRAS - CAMISA LUBRAX MASC REF MC - UNICOMFORT 6222 VD;G;203;
1516ZZ;C1516ZZ;PETROBRAS - CAMISA LUBRAX MASC MC - UNICOMFORT 6222 VD A;G;203;
1506ZZ;C1506ZZ;PETROBRAS - CAMISA GERENTE PISTA MASC MC - UNICOMFORT 6223 VD A;G;203;
2160L;C2160L;PETROBRAS - CAMISA GER PISTA REF MASC MC -UNICOMFORT 6223 VD;G;203;
2161L;C2161L;PETROBRAS - CAMISA GER PISTA MASC REF ML - UNICOMFORT 6223 VD;G;203;
1572ZZ;C1572ZZ;PETROBRAS - CAMISA GER BR MANIA MASC MC - UNICOMFORT 6223 VD A;G;203;
1512ZZ;C1512ZZ;PETROBRAS - CAMISA FRENT SIGA BEM MASC MC - UNICOMFORT 6222 VD;G;203;
1526ZZ;C1526ZZ;PETROBRAS - CAMISA ATEND PISTA MASC ML - UNICOMFORT 6222 VD;G;203;
1568ZZ;C1568ZZ;PETROBRAS - CAMISA ATEN BR MANIA MASC MC - UNICOMFORT 6225 VD A;G;203;
2927M;C2927M;PEDRO LESSA - CAMISA SOCIAL OPER MC - UNISTILL SOFT 6147 VERM;G;203;
2925M;C2925M;PEDRO LESSA - CAMISA OPER MC - PROFIT 001-21 PRETO;G;203;
2660M;C2660M;MS COM - CAMISETE OPER MC - CEDROFIL 0002 BRANCO;G;203;
2658M;C2658M;MS COM - CAMISA OPER MC - CEDROFIL 0002 BRANCO;G;203;
2007M;C2007M;MS - CAMISA SOCIAL MASC MC - UNICOMFORT 6223 VD;G;203;
2999L;C2999L;MS - CAMISA ATEN BR MANIA MASC MC - UNICOMFORT 6225 VD;G;203;
2208I;C2208I;MAGIUS - CAMISA OPER MC - UNIOFFICE CAMISARIA 3020 MARINHO;G;203;
2554H;C2554H;IPIRANGA JET OIL - CAMISA OPER ML - TECHNOPOLO FIT AZ MARI;G;203;
2540J;C2540J;FRAS LE - CAMISA SOCIAL OPER MC ESPEC - DOPFIL 9115 CINZA AA;G;203;
2530G;C2530G;FRANCOMANIA - CAMISA OPER MC - UNIOFFICE 3004 AZ;G;203;
2459K;C2459K;CONSALTER - CAMISA SOCIAL OPER ML - TRICOLINE IBIZA BRANCO;G;203;
2914E;C2914E;CENTRAL COMBUSTIVEIS - CAMISA OPER MC - CEDROFIL 1104 VERM;G;203;
2060G;C2060G;CENCI - CAMISA OPER ML - UNILEVE 1009 CINZA;G;203;
6132ZZ;C6132ZZ;CAMISA SOCIAL MASC ML - CEDROFILL 001 PRETO;G;203;
2611G;C2611G;CAMISA SOCIAL MASC MC - CEDROFILL 001 PRETO;G;203;
6102ZZ;C6102ZZ;CAMISA SOCIAL GERENTE MASC MC;G;203;
2362H;C2362H;CAMISA OPER ML - UNISTILL SOFT 6147;G;203;
6139ZZ;C6139ZZ;CAMISA OPER MC - CEDROFIL 002 BCO;G;203;
3522ZZ;C3522ZZ;CAMISA LUBRIFICADOR MASC M/C;G;203;
3518ZZ;C3518ZZ;CAMISA LOJA DE CONVENIENCIA MASC M/C;G;203;
6107ZZ;C6107ZZ;CAMISA GERENTE ML;G;203;
6118ZZ;C6118ZZ;CAMISA GERENTE MC - CEDROFIL 002 BRANCO;G;203;
3538ZZ;C3538ZZ;CAMISA GERENTE MASC M/L;G;203;
3529ZZ;C3529ZZ;CAMISA GERENTE MASC M/C;G;203;
3506ZZ;C3506ZZ;CAMISA FRENTISTA MASC M/L;G;203;
2291C;C2291C;BUFFON - CAMISA OPER ML - UNIOFFICE 3004 AZUL - CONF;G;203;
2694K;C2694K;BRASIL PARALELO - CAMISA OPER ML - TRICOLINE CANNES 003-01 BR;G;203;
2391M;C2391M;ARARA FLUMINENSE - CAMISA SOCIAL MC - UNISTILL SOFT 6147 VERM;G;203;
2392M;C2392M;ARARA FLUMINENSE - CAMISA SOCIAL MC - CEDROFILL 002 BRANCO;G;203;
2746L;C2746L;ARARA AZUL - CAMISA SOCIAL MC - CEDROFILL 002 BRANCO;G;203;
2880M;C2880M;AOSB - CAMISA OPER ML - DOPFIL 004-1230 AZUL ROYAL;G;203;
2286C;C2286C;ALE - CAMISA SOCIAL OPER ML - UNISTIL SOFT 6136 AZ CLARO;G;203;
2018D;C2018D;ALE - CAMISA SOCIAL OPER MC - CEDROFIL 5322  AZUL CLARO;G;203;
2849J;C2849J;AKER SOLUTIONS - CAMISA OPER MC - UNLIGHT 5013 VERM;G;203;
2935L;C2935L;4 ILHAS  - CAMISA OPER MC - TRICOLINE CANNES 003-01 BRANCO;G;203;
2436M;C2436M;TECMESTEEL - CAMISETE OPER 3-4 - CEDROFIL 5228 MARINHO;G;204;
2941L;C2941L;STARSOL - CAMISETE OPER ML TRICOLINE CANNES 001-1230 COBALTO;G;204;
2356M;C2356M;SKIPPER - CAMISETE SOCIAL OPER  MC - UNIOFFICE 3020 MARINHO;G;204;
2010L;C2010L;SHOPING CAR - CAMISETE OPER ML - SPAGUETI 004-9127 CZ;G;204;
2009L;C2009L;SHOPING CAR - CAMISETE OPER MC - SPAGUETI 004-9127 CZ;G;204;
2427I;C2427I;REDE OLA - CAMISETE SOC OPER MC - UNISTILL SOFT 6147 VERM;G;204;
2766K;C2766K;REDE OLA - CAMISETE SOC OPER MC - CEDROFIL 002 BCO;G;204;
2311H;C2311H;REDE MONTEIROS - CAMISETE OPER MC - UNISTILL SOFT 6114 AZ;G;204;
2679K;C2679K;RANDON IMP - CAMISETE OPER ML - DOPFIL 004-9115  CINZA;G;204;
2386K;C2386K;POSTO PETROBRASILIA - CAMISETE OPER ML - SKI WORK H03 GELO;G;204;
2550M;C2550M;POSTO G3 - CAMISETE OPER MC - CEDROFIL 5322 AZUL;G;204;
2668M;C2668M;POSTO FLORENSE -  CAMISETE OPER FEM MC -  CEDROFIL 0002 BRANCO;G;204;
2545M;C2545M;PHILIP MORRIS - CAMISETE OPER ML - UNIOFFICE 3004 AZ;G;204;
2526M;C2526M;PETROTAVARES - CAMISETE OPER FEM  MC - UNIOFFICE 3002 CINZA;G;204;
1586ZZ;C1586ZZ;PETROBRAS - CAMISETE OPER MC - UNICOMFORT FLEX 6225 VD LIMAO A;G;204;
1540ZZ;C1540ZZ;PETROBRAS - CAMISETE LUBRAX MC - UNICOMFORT 6222 VD A;G;204;
1524ZZ;C1524ZZ;PETROBRAS - CAMISETE GERENTE PISTA ML - UNICOMFORT 6223 VD;G;204;
1525ZZ;C1525ZZ;PETROBRAS - CAMISETE GERENTE PISTA  MC - UNICOMFORT 6223 VD A;G;204;
2918L;C2918L;PETROBRAS - CAMISETE GER BR MANIA ML - UNICOMFORT 6223 VD;G;204;
1570ZZ;C1570ZZ;PETROBRAS - CAMISETE GER BR MANIA MC - UNICOMFORT 6223 VD A;G;204;
1513ZZ;C1513ZZ;PETROBRAS - CAMISETE FRENT SIGA BEM MC - UNICOMFORT 6222 VD A;G;204;
2487M;C2487M;MARCELO - CAMISETE OPER ML - CEDROFIL 001 PRETO;G;204;
2140M;C2140M;IGUATEMI - CAMISETE OPER MC - UNIOFFICE 3020 MARINHO;G;204;
2529G;C2529G;FRANCOMANIA - CAMISETE OPER MC - UNIOFFICE 3004 AZ CELESTE;G;204;
4214ZZ;C4214ZZ;CHARRUA - CAMISETE OPER FEM  MC - UNIOFFICE 3002 CINZA;G;204;
6131ZZ;C6131ZZ;CAMISETE SOCIAL OPERACIONAL MC - PRO FIT 001-021  PRETO;G;204;
3531ZZ;C3531ZZ;CAMISETE PADARIA FEM M/C;G;204;
6140ZZ;C6140ZZ;CAMISETE OPER MC - CEDROFIL 002 BCO;G;204;
2405L;C2405L;CAMISETE OPER FEM ML - UINOFFICE 3008 BORDO;G;204;
2404L;C2404L;CAMISETE OPER FEM ML - UINOFFICE 3007 LARANJA;G;204;
3520ZZ;C3520ZZ;CAMISETE LOJA DE CONVENIENCIA FEM M/C;G;204;
6106ZZ;C6106ZZ;CAMISETE GERENTE ML;G;204;
6105ZZ;C6105ZZ;CAMISETE GERENTE MC;G;204;
3539ZZ;C3539ZZ;CAMISETE GERENTE FEM M/L;G;204;
3535ZZ;C3535ZZ;CAMISETE GERENTE FEM M/C;G;204;
3504ZZ;C3504ZZ;CAMISETE FRENTISTA FEM M/C;G;204;
2696K;C2696K;BRASIL PARALELO - CAMISETE OPER ML - TRICOLIN CANNES 003-01 BR;G;204;
2879M;C2879M;AOSB - CAMISETE OPER ML - DOPFIL 004-1230 ROYAL;G;204;
2462G;C2462G;ALE - CAMISETE OPER 3-4 - CEDROFIL 5413 AZ  CLARO;G;204;
2451I;C2451I;ABAST ROTA 470 - CAMISETE OPER ML - UNISTILL SOFT 6147 VERMELH;G;204;
2082E;C2082E;HP ENGENHARIA - CAMISETE SOCIAL OPER ML - JEANS COLIN 5,4OZ;G;204;
2182M;C2182M;TERMOLAR - CAMISETE OPER ML - JEANS BAGUTA 4,5OZ;G;204;
00225ZZ;C00225ZZ;STEMAC - CAMISA SOCIAL ADM ML - UNIOFFICE 3003 AZUL;4;205;
00224ZZ;C00224ZZ;CAMISA SOCIAL OPER MC - STEMAC;4;205;
2499M;C2499M;CATTALINI - CAMISA ADM MASC ML - MED ESP - DOPFIL 1222 MARIN;ESPEC;205;
2651M;C2651M;SINDUS - CAMISA ADM ML - DOPFIL 001-1230 AZ RY;G;205;
2655M;C2655M;POLO FILMS - CAMISA ADM MASC ML - UNIOFFICE 3013 VERDE;G;205;
2554M;C2554M;CATTALINI - CAMISETE ADM ML - MED ESP - DOPFIL 1222  MARINHO;ESPEC;206;
2810J;C2810J;YARA - CAMISETE ADM MC - TRICOLINE IBIZA 003-601 BRANCO;G;206;
2596M;C2596M;SINDUS - CAMISETE ADM ML - TRICOLINE CANNES 003-01 BRANCO;G;206;
2548M;C2548M;PHILIP MORRIS - CAMISETE ADM ML - BARCELONA 004-1428 AZ;G;206;
2923M;C2923M;AURA ALMAS - CAMISETE SOCIAL ADM ML - UNISOFT 1244 MARINHO;G;206;
2756M;C2756M;WORLEY - CAMISA ML RETARD - CEDROTECH 2063 LARANJA;G;208;
2773K;C2773K;WAISSBURG - CAMISA ML RETARD CHAMAS - CEDROTECH FR 5228MARIN;G;208;
2602K;C2602K;VIBRA - CAMISA ML RETARD CHAMAS - UNIFORTE FR 1014 AZ RY;G;208;
2001M;C2001M;UNIMED - CAMISA ML RETARD CHAMAS - UNIFORTE FR 1009 CINZA;G;208;
2377I;C2377I;CRIADO ITEM DE ESTOQUE E00760;G;208;
2699I;C2699I;TEVERE - CAMISA ML RETARD CHAMAS - CEDDROTECH FR 5228;G;208;
2194H;C2194H;SCHNEIDER - CAMISA ML RETARD - UNISAFE 1009 CINZA;G;208;
2075M;C2075M;SAO CARLOS AR COND - CAMISA ML RETARD - CEDROTECH FR 8059  BE;G;208;
2071K;C2071K;SANEP - CAMISA ML CEDROTECH C REFL - 8047 CINZA;G;208;
2606M;C2606M;SALTON - CAMISA ML RETARD CHAMAS - CEDROTECH FR 5228 MARINHO;G;208;
2033H;C2033H;PREF DE CAXIAS - CAMISA ML RETARD UNISAFE 1009 CINZA;G;208;
2214G;C2214G;NUTRIMETAL - CAMISA ML RETARD - UNISAFE 1021 CAQUI;G;208;
2244L;C2244L;MUNDIAL - CAMISA ML RETARD CHAMAS - UNISAFE SLIM 1009;G;208;
2493H;C2493H;MUELLER - CAMISA ML RETARD - CEDROTECH 8047 CINZA;G;208;
2886M;C2886M;METASA - CAMISA ML RETARD CHAMAS - CEDROTECH FR 5228 MARI;G;208;
2627L;C2627L;MAX - CAMISA ML RETARD - CEDROTECH 5098 AZ RY;G;208;
2234G;C2234G;FRUKI - CAMISA ML RETARD-  UNISAFE 1014 AZ RY;G;208;
2032G;C2032G;ENGEPAN - CAMISA ML RETARD CHAMAS UNIFORTE FR CZ REF VD;G;208;
2719L;C2719L;ELETROPOLAR - CAMISA ML RETARD CHAMAS UNISAFE SLIM 1014 AZ RY;G;208;
2349I;C2349I;COSMA DO BRASIL - CAMISA RETARD ML - UNIFORTE FR1018 AZ MARINH;G;208;
2223E;C2223E;COASUL -  CAMISA RETARD CHAMAS COM REF - CEDROTECH 5098 AZ;G;208;
2722G;C2722G;CERAMICA ELIZABETH - CAMISA ML RETARD - CEDROTECH 5098 AZ RY;G;208;
00639ZZ;C00639ZZ;CAMISA RETART CHAMAS CEDROTECH  FR  AZUL ROYAL COM FITA;G;208;
2694L;C2694L;AROTUBI - CAMISA ML RETARD CHAMAS UNISAFE SLIM 1014 AZ RY;G;208;
2636J;C2636J;ALL4LABELS - CAMISA ML RETARD -  UNISAFE SLIM 1018 MAR;G;208;
2830E;C2830E;TECNOVIN - CAMISA ANTI CHAMAS - CEDROTECH 5098;52;209;
2449E;C2449E;MEGA WATTS - CAMISA RETARD CHAMAS ML - CEDROTECH 5228 AZ MAR;52;209;
2357M;C2357M;COAMO - CAMISA RETARD ML - MED ESP - CEDROTECG FR 5098 AZ RY;ESPEC;209;
2918M;C2918M;WHIRLPOOL - CAMISA POLO ML RETAR CHAMAS - CEDROTECH 1052 VERM;G;209;
2381M;C2381M;WEG - CAMISA RETARD CHAMAS ML - CEDROTECH FR 8047 CINZA;G;209;
2035M;C2035M;VILLAGIO - CAMISA RETARD CHAMAS ML - CEDROTECH 5228  MARINH;G;209;
2951H;C2951H;TORRECID - CAMISA RETARD CM  ML -  CEDROTECH  FR 5228 AZ MAR;G;209;
2193G;C2193G;TODESCHINI - CAMISA RETAR ML BRIGADSITA - CEDROTECH 5098 AZ RY;G;209;
2887L;C2887L;TIROL - CAMISA RETARD CHAMAS ML - CEDROTECH 8047 CINZA;G;209;
2444M;C2444M;SUPREMO - CAMISA RETARD CHAMAS ML - CEDROTECH 8059 BEGE;G;209;
2864J;C2864J;SOPRANO - CAMISA RETARD CHAMAS ML - CEROTECH FR 8047  CZ;G;209;
2624M;C2624M;SOMA - CAMISA RETARD CHAMAS ML - UNIFORTE FR 1009 CZ;G;209;
2589L;C2589L;SEG AUTOMOTIVE - CAMISA RETARD ML - CEDROTECH FR 5098 AZ RY;G;209;
2128M;C2128M;SANMARTIN - CAMISA RETARD CHAMAS ML - UNISAFE SLIM 1018 MAR;G;209;
2232M;C2232M;RODAROS - CAMISA RETARD CHAMAS ML - CEDROTECH 4620 MUSGO;G;209;
2265G;C2265G;RECIFER - CAMISA RETARD ML - UNIFORTE FR 1009 CINZA;G;209;
2756J;C2756J;RAROZ - CAMISA RETARD CHAMAS ML - CEDROTECH 8047 CINZA;G;209;
2369L;C2369L;R E M INSTALACOES - CAMISA RETARD ML - UNIFORTE FR 1414 AZ RY;G;209;
2756L;C2756L;PLASTRELA - CAMISA RETARD CHAMAS ML - CEDROTECH 8047 CZ;G;209;
2985L;C2985L;NEUGEBAUER - CAMISA RETARD CHAMAS ML - UNIFORTE FR 1009 CZ;G;209;
2871J;C2871J;NELSON - CAMISA RETARD CHAMAS ML - UNIFORTE FR 1014 AZ RY;G;209;
2867G;C2867G;MINUANO - CAMISA RETARD ML - UNIFORTE FR CA 1014 AZ RY;G;209;
2589K;C2589K;MICROJUNTAS -  CAMISA RETARD CHAMAS ML - CEDROTECH 8047 CZ;G;209;
2448H;C2448H;MEPLA - CAMISA RETARD  ML  - UNISAFE 1009 CINZA;G;209;
2369K;C2369K;MEBER - CAMISA RETARD CHAMAS ML - CEDROTECH FR 5098 AZ RY;G;209;
2904H;C2904H;MAXIPLAST - CAMISA RETARD CHAMAS ML -  CEDROTECH FR 8047 CZ;G;209;
2905H;C2905H;MAXIPLAST - CAMISA RETARD CHAMAS ML -  CEDROTECH FR 8047 CINZA;G;209;
2906H;C2906H;MAXIPLAST - CAMISA RETARD CHAMAS ML -  CEDROTECH FR 8047 CINZA;G;209;
2691L;C2691L;MAREL - CAMISA RETARD CHAMAS ML - UNIFORTE FR 1014 AZ RY;G;209;
2661M;C2661M;LINEAR - CAMISA RETARD CHAMAS ML - CEDROTECH FR 8047 CZ;G;209;
2454K;C2454K;LENZ - CAMISA RETARD CHAMAS ML - CEDROTECH 8047 CINZA;G;209;
2597M;C2597M;KURITA - CAMISA RETARD CHAMAS ML - UNIFORTE FR 1018 MARIN;G;209;
2666M;C2666M;IRMAOS CIOCCARI - CAMISA RETARD ML - CEDROTECH FR 5098 AZ RY;G;209;
2316M;C2316M;IRMAOS CIOCCARI - CAMISA RETARD ML - CEDROTECH  FR 8047 CZ;G;209;
2528L;C2528L;INCOFIOS - CAMISA RETARD CHAMAS ML - CEROTECH FR 8047 CZ;G;209;
2557L;C2557L;HELEVAR - CAMISA RETARD CHAMAS ML - CEDROTECH 5098 AZ RY;G;209;
2580L;C2580L;GSI - CAMISA RETARD CHAMAS ML - UNIFORTE FR 1009 CINZA;G;209;
2896M;C2896M;FREMAX - CAMISA RETARD CHAMAS ML - CEDROTECH FR 8047 CZ;G;209;
2897M;C2897M;FREMAX - CAMISA RETARD CHAMAS ML - CEDROTECH FR 8047  CZ;G;209;
2363M;C2363M;FRANKLIN - CAMISA RETARD CHAMAS ML - UNIFORTE FR 1018 AZ;G;209;
2435L;C2435L;FECOAGORO - CAMISA RETARD CHAMAS ML - UNIFORTE FR 1009 CINZA;G;209;
2928D;C2928D;ELETROMAIS - CAMISA ANTICHAMAS - CEDROTECH  5098 AZ RY;G;209;
2361J;C2361J;DOW BRASIL - CAMISA RETARD CHAMAS ML - CEDROTECH FR 5098 AZ;G;209;
2223M;C2223M;DIGIPLAN -  CAMISA RETARD CHAMAS ML - CEDROTECH 8047 CINZA;G;209;
2488K;C2488K;DANFOSS - CAMISA RETARD CHAMAS ML - CEDROTECH FR 8047 CZ;G;209;
2068M;C2068M;COTRISUL - CAMISA RETARD CHAMAS ML - CEDROTECH 8047 CZ;G;209;
2119G;C2119G;COSMA DO BRASIL - CAMISA RETARD ML - CEDROTECH FR 5228 AZ MARI;G;209;
2235M;C2235M;CBC  - CAMISA RETARD CHAMAS ML - CEDROTECHFR 5098 AZ RY;G;209;
2929F;C2929F;CARRARO - CAMISA RETARD CHAMAS - UNIFORTE FR 1014 AZ RY;G;209;
2579C;C2579C;CARRARO - CAMISA RETARD CHAMAS - CEDROTECH 5098 AZ RY;G;209;
00361ZZ;C00361ZZ;CAMISA RETART CHAMAS UNIFORTE FR  AZUL ROYAL SEM FITA CA 36410;G;209;
00359ZZ;C00359ZZ;CAMISA RETART CHAMAS CENCI SEM FITA - UNIFORTE FR 1009 CINZA;G;209;
2933L;C2933L;CAMIL - CAMISA RETARD CHAMAS ML - MOD 3 - CEDROTECH FR 8047 CZ;G;209;
2931L;C2931L;CAMIL - CAMISA RETARD CHAMAS ML - MOD 1 - CEDROTECH FR 8047 CZ;G;209;
2815L;C2815L;AKER SOLUTIONS - CAMISA OPER ML RETAR - CEDROTECH FR 1052 VERM;G;209;
2733L;C2733L;AGRODANIELI - CAMISA RETARD CHAMAS ML - CEDROTECH FR 8047 CZ;G;209;
2113H;C2113H;AGRA - CAMISA ML RETARD CHAMAS - CEDROTECH FR 5098  AZ RY;G;209;
2394M;C2394M;NB - CAMISA RETAR METAL LIQUIDO ML - UNIPOWER 1018 MARINHO;G;250;
00463ZZ;C00463ZZ;MET FEY - JALECO MC - UNILEVE 1019 AZUL;4;300;
3583J;C3583J;TELASUL- JALECO ML - UNISOFT 1006 VERDE;52;300;
3706J;C3706J;SNOWLAND - JALECO FEM MC - DOPTEL 1223 AZUL;52;300;
00454ZZ;C00454ZZ;PRAT K - JALECO ML PRODUCAO - SARJA 202GR 8260 CINZA;52;300;
00455ZZ;C00455ZZ;PRAT K - JALECO MC PRODUCAO - SARJA 202GR 8260 CZ;52;300;
3240D;C3240D;LABORATORIO RANDON - JALECO ML - CEDROFIL 002 BRANCO;52;300;
00279ZZ;C00279ZZ;KEPLER - JALECO;52;300;
9808G;C9808G;DASS - JALECO SEM MANGA - MED ESP -  DOPTEL E9265 CINZA;4GG;300;
9270G;C9270G;DASS - JALECO SEM MANGA - MED ESP -  DOPTEL E9265 CINZA;5GG;300;
3971I;C3971I;RANDON - JALECO ML - MED ESP - UNILEVE 1003 AZUL;ESPEC;300;
3761J;C3761J;MARCOPOLO - JALECO ML - MED ESP - UNISOFT 1414 AZ RY;ESPEC;300;
3738J;C3738J;IMPLEMENTOS - JALECO ML - MED ESP - UNILEVE 1003 AZUL;ESPEC;300;
3915H;C3915H;IMPLEMENTOS - JALECO ML - MED ESP - UNILEVE 1003 AZ CEL;ESPEC;300;
3793J;C3793J;FRAS-LE - JALECO ML - MED ESP - UNILEVE 1003  AZ CELESTE;ESPEC;300;
3750J;C3750J;XALINGO - JALECO ML - SARJA 202GR 5280 AZ RY;G;300;
3751J;C3751J;XALINGO - JALECO MC - SARJA 202GR 5280 AZ RY;G;300;
3444H;C3444H;VIEMAR - JALECO ML - UNILEVE 1009  CINZA;G;300;
3892J;C3892J;VENDRAMIN - JALECO ML - UNITECH 5009 CINZA;G;300;
9864G;C9864G;UNIMED - COLETE GOLA V - UNISOFT 1232 LARANJA;G;300;
3704J;C3704J;SNOWLAND - JALECO MC - DOPTEL 1223 AZUL;G;300;
3446G;C3446G;SAN MARINO -  JALECO MC - UNISOFT  1243 VERDE;G;300;
3900B;C3900B;REFL UNIDOS - JALECO ML - UNIFORTE 1003 AZ CELESTE;G;300;
3240J;C3240J;RANDON - JALECO ML - MED ESP - UNILEVE 1003 AZUL;G;300;
3241I;C3241I;POSTO RIO DAS OSTRAS- JALECO MC - UNITECH 5008 MARINHO;G;300;
3056G;C3056G;POSTO KID DOLAR - JALECO MC - POLYCEDROLEVE SUPER 8047 CINZA;G;300;
3368G;C3368G;POSTO GRACIOSA - JALECO MC - UNILESTER 2050 CINZA;G;300;
1133ZZ;C1133ZZ;PETROBRAS - JALECO RODOVIARIO MC - UNILEVE 1009 CINZA;G;300;
1117ZZ;C1117ZZ;PETROBRAS - JALECO MC LUBRAX MAIS;G;300;
3893J;C3893J;PEDRO LESSA - JALECO MC - CEDROLEVE SUPER 1052 VERMELHO;G;300;
3806J;C3806J;PAROQUIA - JALECO ML - OXFORD BRANCO;G;300;
3073H;C3073H;JORNADA - JALECO ML - SARJA LIDER 8260 CINZA;G;300;
3285G;C3285G;JALECO PRETO LUBRIF - JALECO MC - UNITEX 5016 PRETO;G;300;
3605G;C3605G;JALECO MC - UNITEX 5013 VERMELHO;G;300;
3245H;C3245H;IRMAOS AMALCABURIO - GUARDA PO 3-4 MC - SARJA 250GR 5280 AZ RY;G;300;
3322C;C3322C;INFRAVER - JALECO ML - UNILEVE 1018 MARINHO;G;300;
3323C;C3323C;INFRAVER - JALECO MC - UNILEVE 1018 AZ MARINHO;G;300;
3189J;C3189J;GOMASUL - JALECO ML - OXFORD PRETO;G;300;
3765J;C3765J;GECELE - JALECO ML - UNISOFT 1233 VERMELHO;G;300;
3774J;C3774J;GAVI - JALECO MC - SARJA 202GR 5280 AZ RY;G;300;
3890J;C3890J;FUND STA TEREZINHA - JALECO ML - CEDROLEVE SUPER 8053 CHUMBO;G;300;
3935H;C3935H;FIBRAPLAC - JALECO ML - UNIPACIFC 1015  VERDE;G;300;
3054I;C3054I;ERBS - JALECO MC - UNILESTER PLUS 2050 CINZA;G;300;
3673A;C3673A;CORFIX - JALECO MC - UNISOFT 1002;G;300;
3867J;C3867J;CONTINENTAL - JALECO MC - CEDROPAC LEVE 5228 MARINHO;G;300;
3373F;C3373F;COMB BP - JALECO ML - UNIFORTE 1009 CINZA;G;300;
3975H;C3975H;CERAMIX - JALECO ML MANUTENCAO - UNILIGHT 5009 CZA;G;300;
3340H;C3340H;CERAMIX - JALECO ML LABORATORIO - DOPTEL 001-9118 STORM;G;300;
3840G;C3840G;CAMMINO - JALECO ML - UNILEVE 1009 CINZA;G;300;
3577G;C3577G;CAAL - JALECO ML - UNIQUALITY 1007 VERDE;G;300;
3848J;C3848J;BIANCHINI - JALECO MC 3-4 - UNIFORTE 1233 VERMELHO;G;300;
3213J;C3213J;BENTO SUL - JALECO ML - SARJA 250GR 5280 AZ RY;G;300;
3672J;C3672J;AUTOTROVI - JALECO ML - SARJA 250GR 5280 AZ RY;G;300;
3334H;C3334H;AMALCABURIO - JALECO MC - UNILEVE 1243 VERDE;G;300;
3692J;C3692J;ALFIX - JALECO ML - SARJA 202GR 8260 CINZA;G;300;
3889D;C3889D;AGRALE - JALECO MC - SEGURANCA  - UNIQUALITY 1015 VD;G;300;
3078I;C3078I;RECH - GPO 3-4 ML - SARJA 202GR 5280 AZ RY;52;301;
3246H;C3246H;IRMAOS AMALCABURIO - GUARDA PO MC 3-4 - TERGAL 12 AZ CELESTE;52;301;
3048G;C3048G;CISLAGHI - GUARDA PO 3-4 ML - UNIFORTE 1009 CZ;52;301;
00316ZZ;C00316ZZ;ALTONA - GUARDA PO MC 3-4;52;301;
00317ZZ;C00317ZZ;ALTONA - GUARDA PO MC;52;301;
3549G;C3549G;VIDEPLAST - GUARDA PO 3-4 ML - GABARDINI ANTONIOLLI 01 BRANCO;G;301;
3602J;C3602J;LIKO - GUARDA PO ML 3-4 - SARJA 202GR 5280 AZ RY;G;301;
9178G;C9178G;GRAMADO- ROUPAO - MED ESP - 100 PES PVC REPELENT 04 ROYAL;G;301;
3674G;C3674G;G3 INDUSTRIA - GUARDA PO 3/4 ML - UNISOFT 1001 BRANCO;G;301;
3296I;C3296I;FUTURE - GUARDA PO 3-4 ML - UNICOMFORT FLEX 6110 BEGE;G;301;
3092J;C3092J;EATON - GUARDA PO 3-4 ML - UNIFIT 5008 AZ MARINHO;G;301;
3760J;C3760J;EATON - GUARDA PO 3-4 MC - UNISOFT 1244 MARINHO;G;301;
3759J;C3759J;EATON - GUARDA PO 3-4 MC - UNISOFT 1244 MARINHO;G;301;
3129J;C3129J;EATON - GUARDA PO 3-4 MC - UNIFIT 5008 AZ MARINHO;G;301;
3264D;C3264D;DITAL - GUARDA PO 3-4 MC - UNILEVE 1002;G;301;
3518A;C3518A;DALL A COSTA - GUARDA PO 3-4 MC - CEDROPAC 7158 CAQUI;G;301;
3784J;C3784J;CHRIS CINTOS - GPO 3-4 MC - UNIQUALITY 1014 AZ RY;G;301;
3786J;C3786J;CHRIS CINTOS - GPO 3-4 MC - UNIQUALITY 1014 AZ RY;G;301;
3791J;C3791J;CHRIS CINTOS - GPO 3-4 MC - UNIQUALITY 1014 AZ RY;G;301;
3789J;C3789J;CHRIS CINTOS - GPO 3-4 MC - UNIQUALITY 001 BRANCO;G;301;
3787J;C3787J;CHRIS CINTOS - GPO 3-4 MC - CEROLEVE DRILL 5098 AZ RY;G;301;
3518H;C3518H;CHARRUA - GUARDA PO 3-4 ML - UNILEVE 1001 BRANCO;G;301;
3990F;C3990F;ACOLAR - GUARDA PO 7-8 ML - CEDROBRIM SUPER 7157 MARROM;52;302;
3573G;C3573G;TECLAB - GUARDA PO 7-8 ML- OXFORD VERDE AGUA;G;302;
3756J;C3756J;DASS - GUARDA PO 7-8 ML - UNILESTER 2001 BRANCO;G;302;
4877B;C4877B;SMARTCOAT  - MACACAO ML RETARD CH - UNIFORTE FR 1232 LARANJA;56;400;
4260B;C4260B;SILVESTRIN - MACACAO ML - UNIPACIFIC 1015 VERDE;56;400;
4487B;C4487B;PHILIP MORRIS - MACACAO ML COM CAPUZ - UNIFORTE 1009 CINZA;56;400;
4372B;C4372B;MEC UNIDIEL -  MACACAO ML - UNIFORTE 1014 AZ RY;56;400;
4492B;C4492B;MEC THIAGUINHO - MACACAO ML - UNILEVE 1018 AZ MARINHO;56;400;
4218A;C4218A;MADEM - MACACAO ML - UNIFORTE 1009 CINZA;56;400;
4868B;C4868B;HUISMAN - MACACAO ML RETARD CH - CEDROTECH FR 2063 LAR;56;400;
4905B;C4905B;HUISMAN - MACACAO ML RETARD - MED ESP - UNIFORTE FR 1232 LAR;56;400;
4435B;C4435B;ELETRO JS - MACACAO ML - UNIFORTE 1014 AZ RY;56;400;
4776B;C4776B;ALIANCA - MACACAO ML - MED ESP - UNIFORTE 1002 CZA;ESPEC;400;
4548B;C4548B;YARA - MACACAO ML - UNITECH 5024 LARAN;GG;400;
4955B;C4955B;TRANSPETRO - MACACAO ML - UNIVERSAL 1232 LARANJA;GG;400;
4482B;C4482B;SENA MADEIRAS - MACACAO ML - UNILESTER 2006 VERDE - CONF1;GG;400;
4953B;C4953B;REDE HG -  MACACAO ML - UNILIGHT 5014 AZ RY;GG;400;
4947B;C4947B;REDE HG -  MACACAO MC - UNILIGHT 5014 AZ RY;GG;400;
4785B;C4785B;NB - MACACAO ML - UNILESTER RIP STOP 2050 CINZA;GG;400;
4803B;C4803B;NB - MACACAO MC - UNILESTER RIP STOP 2050 CINZA;GG;400;
4853B;C4853B;MARCHER -  MACACAO MC - UNIFORTE 1009 CINZA;GG;400;
4895B;C4895B;FRUTINI -  MACACAO ML - SARJA 250GR 5280 AZ RY;GG;400;
4252B;C4252B;FRAS-LE - MACACAO ML - UNILEVE 1009 CINZA AA;GG;400;
4824B;C4824B;DORF -  MACACAO ML - UNIFORTE 1018 MARINHO;GG;400;
4483B;C4483B;COOPATRIGO - MACACAO ML - SARJA 250GR 8260 CINZA - CONF1;GG;400;
4127B;C4127B;COMB BP - MACACAO ML - UNIFORTE 1009;GG;400;
4828B;C4828B;CHARRUA  - MACACAO ML - UNIFORTE 1009 CINZA;GG;400;
4945B;C4945B;CENTER CORAL -  MACACAO MC - UNILEVE 1414 AZ RY;GG;400;
4946B;C4946B;CENTER CORAL -  MACACAO MC - UNILEVE 1001 BRANCO;GG;400;
4948B;C4948B;RUDDER - MACACAO RETARD CHAMAS - CEDROTECH FR 5098 AZ RY;GG;408;
4885B;C4885B;GON PETRO - MACACAO ML RETARD CH - CEDROTECH FR 8047 CZ;56;409;
00648ZZ;C00648ZZ;ESTRUTURAL - MACACAO ML RF RETARD - UNIFORTE FR 1232 LARANJA;56;409;
4954B;C4954B;ESTRUTURAL - MACACAO ML RF RETARD - CEDROTECH FR 2063 LARANJA;56;409;
4894B;C4894B;AKER SOLUTION  MACACAO ML RETARD CH - UNIFORTE FR 1232 LARANJA;56;409;
4956B;C4956B;TRANSPETRO - MACACAO RETARD ML - UNIFORTE FR 1232 LARANJA;GG;409;
4957B;C4957B;TRANSPETRO - MACACAO RETARD ML - CEDROTECH FR 2063 LARANJA;GG;409;
4906B;C4906B;TECON - MACACAO ML RF RETARD -  CEDROTECH 5228 MARINHO;GG;409;
4911B;C4911B;SEDMETAL - MACACAO ML RETARD CH - CEDROTECH FR 5228 MARINHO;GG;409;
4777B;C4777B;EXECUTAR ALPINISMO - MACACAO RETARDML - CEDROTECH 2063 LAR;GG;409;
4909B;C4909B;ENGEVALE - MACACAO ML RETARD - CEDROTECH FR 5228 MARINHO A;GG;409;
4761B;C4761B;EATON - MACACAO ML RETARD CHAMAS - CEDROTECH FR 5228 MARI;GG;409;
5904E;C5904E;V E P - JAQUETA FEMININA - UNILESTER 2018 MARINHO;G;500;
5667E;C5667E;V E P - JAQUETA - UNILESTER 2018 MARINHO;G;500;
5897E;C5897E;TURBO DIESEL - JAQUETA MASCULINA - NYLON PARAQUEDAS 17 PRETO;G;500;
5939E;C5939E;TURBO DIESEL - JAQUETA FEMININA - NYLON PARAQUEDAS 17 PRETO;G;500;
5670E;C5670E;TURBO DIESEL - JAQUETA - NYLON PARAQ 12 VERMELHO;G;500;
5756E;C5756E;SUL GAS - JAQUETA - NYLON PARAQ 12 VERMELHO;G;500;
5531E;C5531E;SNOWLAND GRAMADO - JAQUETA - 100 PES PVC REP 26 COLEG;G;500;
5532E;C5532E;SNOWLAND GRAMADO - JAQUETA - 100 PES PVC REP 26 COLEG;G;500;
5581E;C5581E;SNOWLAND GRAMADO - JAQUETA - 100 PES PVC REP 26 COLEG;G;500;
5400E;C5400E;SILVA E FREITAS INDUSTRIA - JAQUETA FEM - NYLON PARAQ 17 PTO;G;500;
5311D;C5311D;SILVA E FREITAS INDUSTRIA - JAQUETA - POLYCEDROBRIM 8047 CZ;G;500;
5544C;C5544C;SAO CIRO -  JAQUETA - DOPTEL 001-21 PRETO;G;500;
5963E;C5963E;RST -  JAQUETA - NYLON PARAQ 16 MARINHO;G;500;
5981D;C5981D;ROTA 239 -  JAQUETA - NYLON PARAQ 12 VERMELHO;G;500;
5823D;C5823D;REDE BAP - JAQUETA UNISSEX - NYLON PARAQ 12 VERMELHO;G;500;
5867E;C5867E;QUALITY - JAQUETA - CITBRIM 5523  VERMELHO;G;500;
5764E;C5764E;POSTO ZOOLOGICO - JAQUETA - NYLON PARAQ 014 GELO;G;500;
5325D;C5325D;POSTO VIADUTO  - JAQUETA - NYLON PARAQ 33 PETROLEO;G;500;
5998E;C5998E;POSTO QUALITY - JAQUETA - POLYCEDROBRIM SUPER 8053 CINZA;G;500;
5961E;C5961E;POSTO O CUPIM - JAQUETA - NYLON CHINES 520 VERDE MUSGO;G;500;
5607E;C5607E;POSTO O CUPIM - JAQUETA - NYLON CHINES 513 CINZA;G;500;
5912E;C5912E;POSTO MATINHOS - JAQUETA - POLYCOTTON 0001 PRETO;G;500;
5889E;C5889E;POSTO HORIZONTE - JAQUETA - UNILESTER 2014 AZ RY;G;500;
5562B;C5562B;POSTO GALO - JAQUETA - UNILESTER 2018 AZ MARINHO;G;500;
5010F;C5010F;POSTO DOS CAVALEIROS - JAQUETA - POLYCOTTON MAIS 0001 PTO;G;500;
5217D;C5217D;POSTO CARESTIATO - JAQUETA - NYLON PARAQ 12 VERM;G;500;
5878E;C5878E;POSTO APOLO - JAQUETA - NYLON PARAQ  12 VERMELHO;G;500;
5364D;C5364D;POSTO 4 ILHAS - JAQUETA - NYLON PARAQUEDAS 17 PRETO;G;500;
5886E;C5886E;POSTO 4 ILHAS - JAQUETA - NYLON PARAQUEDAS 17 PRETO;G;500;
5935E;C5935E;POSRO SAN JENARO -  JAQUETA - NYLON PARAQ 16 MARINHO;G;500;
5275E;C5275E;POSPTO MAIOCHI - JAQUETA UNISSEX - NYLON PARAQ 12 VERMELHO;G;500;
1560ZZ;C1560ZZ;PETROBRAS - JAQUETA LUBRAX UNISSEX - UNILETER 2261 VD;G;500;
1561ZZ;C1561ZZ;PETROBRAS - JAQUETA FRENT SIGA BEM UNISSEX - UNILESTER 2261 VD;G;500;
5885E;C5885E;PETRO RIO-  JAQUETA - UNIFORTE FR 1232 LARANJA;G;500;
5967E;C5967E;PAULO MOREIRA -  JAQUETA - NYLON PARAQ 17 PTO;G;500;
5946E;C5946E;PAOLA - JAQUETA FEM - UNILESTER 2261 VD;G;500;
5512E;C5512E;NB - JAQUETA REVERSIVEL - NYLON PARAQ 17 PRETO;G;500;
5511E;C5511E;NB - JAQUETA REVERSIVEL - NYLON PARAQ 17 PRETO;G;500;
5876E;C5876E;NB - JAQUETA - DOPTEL PLUS 001-021 PRETO;G;500;
5566E;C5566E;NB - JAQUETA -  DOPTEL 001-21 PRETO;G;500;
5541E;C5541E;MS - JAQUETA UNISSEX - NYLON PARAQ 12 VERMELHO;G;500;
5879D;C5879D;MOA MANUTENCAO  - JAQUETA GOLA ESPORTE -  OXFORD PRETO;G;500;
5853E;C5853E;MJ - JAQUETA - 100 PES PVC REPELENT 04 ROYAL;G;500;
5983E;C5983E;MANUCHAR -  JAQUETA - NYLON PARAQUEDAS 17 PRETO;G;500;
5258D;C5258D;MANUCHAR -  JAQUETA - NYLON PARAQUEDA 57 PRATA;G;500;
5254D;C5254D;MANUCHAR -  JAQUETA - NYLON PARAQUEDA 24 LARANJA;G;500;
5257D;C5257D;MANUCHAR -  JAQUETA - NYLON PARAQUEDA 23 VERDE;G;500;
5259D;C5259D;MANUCHAR -  JAQUETA - NYLON PARAQUEDA 12 VERM;G;500;
5255D;C5255D;MANUCHAR -  JAQUETA - NYLON PARAQUEDA 11 AZUL ROYAL;G;500;
5804D;C5804D;LSL TRANS -  JAQUETA - MED ESP - UNILESTER PLUS 2008 AZ MAR;G;500;
5880E;C5880E;LAPPA ENGENHARIA - JAQUETA - NYLON PARAQ RESINADO II 17 PRETO;G;500;
3527ZZ;C3527ZZ;JAQUETA LOJA DE CONVENIENCIA;G;500;
3509ZZ;C3509ZZ;JAQUETA FRENTISTA SEM FIBRA;G;500;
5827E;C5827E;JAIC - JAQUETA - UNILESTER 2014 AZ RY;G;500;
5952E;C5952E;HYDROCOM  -  JAQUETA - NYLON PARAQ 16 MARINHO;G;500;
5970E;C5970E;HYDROCOM  -  JAQUETA - NYLON PARAQ 16 MARINHO;G;500;
5844B;C5844B;HP ENGENHARIA - JAQUETA - CEDROPAC II 5228 MARINHO;G;500;
5028E;C5028E;HAFELE - JAQUETA FEMININA  - NYLON PARAQ 17 PRETO;G;500;
00706ZZ;C00706ZZ;GRUPO SETUP -  JAQUETA MASC - OXFORD PRETO;G;500;
00705ZZ;C00705ZZ;GRUPO SETUP -  JAQUETA FEM - OXFORD PRETO;G;500;
5847C;C5847C;GAR SIQUEIRA - JAQUETA FEM - UNILESTER PLUS 2018 AZ MARINHO;G;500;
5805C;C5805C;GAR SIQUEIRA - JAQUETA - UNILESTER PLUS 2018 AZ MARINHO;G;500;
5991E;C5991E;FLORYBAL -  JAQUETA - NYLON PARAQ 17 PRETO;G;500;
5955E;C5955E;FLAVIO - JAQUETA  - NYLON PARAQUEDAS 17 PRETO;G;500;
5956E;C5956E;FLAVIO - JAQUETA  - NYLON PARAQUEDAS 12 VERM;G;500;
5628E;C5628E;FITAZUL - JAQUETA - POLYCEDROBRIM SUPER 5228 AZUL;G;500;
5999E;C5999E;ECOPINUS - JAQUETA - NYLON PARAQ 17 PRETO;G;500;
5996E;C5996E;ECOPINUS - JAQUETA - NYLON PARAQ 09 VERDE MUSGO;G;500;
5445B;C5445B;DENAT -  JAQUETA - NYLON PARAQUEDAS 27 AZUL ROYAL;G;500;
5150E;C5150E;DANFOSS - JAQUETA MASC - NYLON PARAQ 31 CZ;G;500;
5142D;C5142D;COOPERLUZ -  JAQUETA - NYLON CAPA IMPER PRETO;G;500;
5943E;C5943E;COMERCIAL DIP - JAQUETA - NYLON PARAQ 17 PRETO;G;500;
5432E;C5432E;CINADIS -  JAQUETA - AUSTRALIA REPEL 009-21 PRETO;G;500;
4212ZZ;C4212ZZ;CHARRUA - JAQUETA - UNILESTER SOFT 2015 VERDE;G;500;
5874E;C5874E;CHARRUA - JAQUETA  - UNITECH 5009 CINZA;G;500;
5868E;C5868E;CENCI - JAQUETA FEM -  AUSTRALIA REPEL A AGUA 009-21 PRETO;G;500;
5790E;C5790E;CARLOS - JAQUETA - NYLON PARAQUEDAS 17 PRETO;G;500;
5531D;C5531D;CAAL - JAQUETA UNISSEX - NYLON PARAQUEDAS 11 AZ;G;500;
5901E;C5901E;CAAL -  JAQUETA GOLA ESP - CEDROBIM SUPER 8053 VERDE;G;500;
5997E;C5997E;BRUNO - JAQUETA - NYLON PARAQ 12 VERMELHO;G;500;
1082ZZ;C1082ZZ;BR MANIA - JAQUETA MASC - SEM FIBRA;G;500;
5992E;C5992E;AUTO POSTO TRES - JAQUETA - UNILESTER 2018 MARINHO;G;500;
5994E;C5994E;AUTO POSTO TRES -  JAQUETA - NYLON PARAQ 12 VERMELHO;G;500;
5887E;C5887E;ARCO GAS - PARKA - POLYCEDROMBRIM SUPER 4167 VERDE;G;500;
5888E;C5888E;ARCO GAS - JAQUETA - UNIFORTE 1009 CINZA;G;500;
5589E;C5589E;AKERSOLUTIONS -  JAQUETA - POLYCEDROBRIM SUPER 1052 VERMELHO;G;500;
5975E;C5975E;WEG - PARKA FEM - NYLON PARAQUEDAS 31 CINZA;G;501;
5960E;C5960E;WC POSTOS - JAQUETA - UNILESTER FIT 2018 MARINHO;G;501;
5903E;C5903E;TREINO COM COMB - PARKA - NYLON PARAQ 17 PRETO;G;501;
5968E;C5968E;SUL COMB - PARKA - NYLON PARAQ 24 LARANJA AA;G;501;
5007F;C5007F;SUL COMB - PARKA - NYLON PARAQ 24 LARANJA;G;501;
5006F;C5006F;SUL COMB - PARKA - NYLON PARAQ 17 PRETO;G;501;
5969E;C5969E;SUL COMB - PARKA - NYLON PARAQ 17 PRETO;G;501;
5988E;C5988E;SUL COMB - PARKA - NYLON PARAQ 17 PRETO;G;501;
5860E;C5860E;SPRINGER - PARKA - NYLON 100 17 PRETO;G;501;
5859E;C5859E;SPRINGER - PARKA - AUSTRALIA REPEL A AGUA 001-1222 MARINHO;G;501;
5910E;C5910E;SORVELANDIA -  PARKA FEM - DOPTEL PLUS 001-21 PRETO;G;501;
5869E;C5869E;SORVELANDIA -  PARKA - DOPTEL PLUS 001-21 PRETO;G;501;
5911E;C5911E;SORVELANDIA -  PARKA - DOPTEL PLUS 001-21 PRETO;G;501;
5909E;C5909E;SORVELANDIA -  PARKA - DOPTEL PLUS 001-21 PRETO;G;501;
5947E;C5947E;SILSO MORO - JAQUETA - NYLON PARAQ 16 MARINHO;G;501;
5930E;C5930E;ROTA INOX - JAQUETA - NYLON PARAQ 16 AZ MR;G;501;
5922E;C5922E;RALPHA POSTOS - PARKA - NYLON PARAQ 16 MARINHO;G;501;
5461E;C5461E;POSTO SAO JOAO - PARKA MASC -  POLYCEDROBRIM SUPER 4360 VD;G;501;
5962E;C5962E;POSTO SAO BENTO -  PARKA - CEDROBRIM SUPER 8047 CZ;G;501;
5929E;C5929E;POSTO FERNANDINHO - PARKA - NYLON PARAQ 31 CINZA;G;501;
5926E;C5926E;PARANAEDUCACAO -  PARKA - NYLON PARAQ 31 CINZA;G;501;
5311E;C5311E;MARVI - PARKA - NYLON PARAQ 027 AZ RY;G;501;
5953E;C5953E;MAREL BRASIL  - JAQUETA - NYLON PARAQ 16 AZ MR;G;501;
5000F;C5000F;MADAL - PARKA - NYLON PARAQUEDAS 17 PRETO;G;501;
5905E;C5905E;JACKSON -  PARKA - NYLON PARAQ 17 PTO;G;501;
5907E;C5907E;IMPERIO GAS - JAQUETA GOLA ESPORTE - NYLON PARAQ 51 VD ESCURO;G;501;
5056E;C5056E;HOERLLE E ASSUMPCAO - PARKA - NYLON PARAQUEDAS 031 CZA;G;501;
5059E;C5059E;HOERLLE E ASSUMPCAO - PARKA - NYLON PARAQUEDAS 017 PTO;G;501;
5936E;C5936E;GRAN PETRO -  PARKA - CEDROBRIM SUPER 8047 CZ;G;501;
5814E;C5814E;EQUATORIAL - PARKA - NYLON PARAQ 16 MARINHO;G;501;
5985E;C5985E;ELISIANE  - JAQUETA - NYLON PARAQUEDAS 16 AZ MAR;G;501;
5576E;C5576E;CONTITECH - PARKA - NYLON PARAQ 17 PRETO;G;501;
5855E;C5855E;CENTER CORAL - CENTER CORA - PARKA UNILESTER 2016 PRETO;G;501;
5856E;C5856E;CENTER CORAL - CENTER CORA - PARKA UNILESTER 2001 BRANCO;G;501;
00643ZZ;C00643ZZ;CATTALINI -  PARKA FEM - NYLON PARAQ 16 MARINHO;G;501;
5838E;C5838E;CARGOLIFT -  PARKA - NYLON PARAQ 12 VERM;G;501;
5890E;C5890E;BRS INDUSTRIA  -  PARKA - NYLON PARAQ 16 MARINHO;G;501;
5942E;C5942E;BELEBAS -  PARKA - NYLON PARAQ 17 PTO;G;501;
5959E;C5959E;ARM-  PARKA - DOPTEL PLUS 001-9118 STORM;G;501;
5879E;C5879E;ANDRESSA - PARKA - NYLON PARAQ 17 PRETO;G;501;
5661E;C5661E;AEM - PARKA - NYLON CAPA IMPERMEAVEL AZ MARINHO;G;501;
5978E;C5978E;ABAST GM - PARKA - POLYCEDROBRIM SUPER 0001 PTO;G;501;
5916E;C5916E;SJP - JAQUETA FEMININA - NYLON 100 26010 LISTRADO PRETO;G;505;
5915E;C5915E;SJP - JAQUETA - NYLON 100 26010 LISTRADO PRETO;G;505;
5964E;C5964E;MASTER DIESEL - JAQUETA - NYLON 100  COSTURA 5 X 5 16 PRETA;G;505;
5933E;C5933E;COPAT - JAQUETA MASC - NYLON 100  COSTURA 5 X 5 16 PRETA;G;505;
5841E;C5841E;COMIL -  JAQUETA - NYLON 100 COST 26010 PRETO;G;505;
5851E;C5851E;COMIL - JAQUETA FEM - NYLON 100  COSTURA 5 X 5 16 PRETA;G;508;
5918E;C5918E;BELEBAS - JAQUETA FEMININA - NYLON 100  COSTURA 5 X 5 16 PRETA;G;508;
5931E;C5931E;WHIRPOOL - JAQUETA RETARD A CHAMAS -  UNISAFE SLIM 1018 MARIN;G;509;
5017E;C5017E;SANEP - JAQUETA - UNIFORTE PRO FR CA 40569 - UNIFORTE 1009;G;509;
5979E;C5979E;RAZZO - JAQUETA RETARD - UNISAFE SLIM 1018 MARINHO;G;509;
5982E;C5982E;PREF VENAN AIRES - JAQUETA RET CHAMAS - UNIFORTE FR 1009;G;509;
5837E;C5837E;PLANENG - JAQUETA RETARD A CHAMAS - UNIFORTE PRO FR 1018 MARIN;G;509;
5116E;C5116E;NUTRIMETAL - JAQUETA RETARD - UNIFORTE FR 1009 CINZA;G;509;
5109D;C5109D;JTI - JAQUETA ANTICHAMAS - UNIFORTE FR 1009 CINZA;G;509;
5865E;C5865E;JOCKEY - JAQUETA RTRD A CHAM - UNISAFE SLIM 1018 MARINH;G;509;
5520D;C5520D;COOP DE DISTRIBUICAO - JAQUETA - UNIFORTE FR 1009 CZA;G;509;
5900E;C5900E;CAAL - JAQUETA ANTICHAMAS - CEDROTECH FR 8047 CINZA;G;509;
6108N;C6108N;TECMESTEEL -  CAMISETA RED MC - MED ESP - POLIVIS 016 MAR;ESPEC;600;
6734M;C6734M;SAN MARTIN -  CAMISETA GOLA RED MC - MED ESP - POLIVIS 016 MAR;ESPEC;600;
6079M;C6079M;RANDON - CAMISETA RED MC - MED ESP -  ALG 30-1CARD 101 AZ CEU;ESPEC;600;
6286N;C6286N;RANDON - CAMISETA RED MC - MED ESP - ALG 30-1CARD 101 AZ CEU;ESPEC;600;
6280N;C6280N;MASCARELLO - 6903M-EXXG -CAMISETA GOL RED ML - POLIV 012 VERM;ESPEC;600;
6830M;C6830M;FREIOS - CAMISETA GOLA RED MC - MED ESP - POLIVIS 093 AZ RY;ESPEC;600;
6684J;C6684J;EATON - CAMISETA GOLA RED MC - MED ESP ALG 30-1 PENT 093 AZ RY;ESPEC;600;
6383M;C6383M;EATON - CAMISETA GOLA RED MC - MED ESP - POLIVIS 015 AZ.RY;ESPEC;600;
6402M;C6402M;AGRO PERTENCES - CAMISETA GOLA RED MC - MED ESP - PV 019 MAR;ESPEC;600;
6387H;C6387H;VIEZZER - CAMISETA GOLA RED MC - MALHA  POLIVISCOSE 034 VERDE;G;600;
6268H;C6268H;VIEMAR - CAMISETA GOLA RED MC - POLIVIS 094 CHUMBO;G;600;
6244N;C6244N;TUMELERO -  CAMISETA GOLA RED MC - POLIVIS 036 CHUMBO;G;600;
6610M;C6610M;TECMESTEEL -  CAMISETA GO!MARINHO - POLIVIS 016 MARINHO;G;600;
6624M;C6624M;SUPREMO - CAMISETA GOLA RED MC - ALG 30-1CARD 0001BRANCO;G;600;
6602M;C6602M;SUPERIA -  CAMISETA GOLA RED ML - POLIVIS 230 ALUMINIO;G;600;
6726L;C6726L;SULPET -  CAMISETA GOLA RED MC - POLIVIS 090 VERDE;G;600;
6888L;C6888L;SILVA E FREITA -  CAMISETA GOLA RED MC - POLIVIS 014 PRETO;G;600;
6732C;C6732C;SENA MADEIRAS - CAMISETA GOLA RED MC - PV 196 VERDE MILITAR;G;600;
6361A;C6361A;SCHIMITT - CAMISETA GOLA RED MC - PV 8 MESCLA;G;600;
6813J;C6813J;SANEP - CAMISETA GOLA RED MC - MALHA ALG. 30 1 093;G;600;
6172N;C6172N;ROTENGE - CAMISETA GOLA RED ML - POLIVIS 025 CINZA;G;600;
6302A;C6302A;REFL UNIDOS - CAMISETA GOLA RED MC - PV 86 AZ TURQUESA;G;600;
6371M;C6371M;REDE SETEE -  CAMISETA GOLA RED MC  ALG 30-1CARD 230 ALUMINIO;G;600;
6016N;C6016N;REDE HG - CAMISETA GOLA RED MC - POLIVISCOSE 030 CZA JAV;G;600;
6234N;C6234N;PREF CURITIBA - CAMISETA GOLA RED ML - M ALG 30/1 PENT 094 CZ;G;600;
6233N;C6233N;PREF CURITIBA - CAMISETA GOLA RED MC - M ALG 30/1 PENT 094 CZ;G;600;
00457ZZ;C00457ZZ;PRAT K - CAMISETA GOLA RED MC - PV 182 CINZA;G;600;
6661L;C6661L;POSTO ZOOLOGICO - CAMISETA GOLA RED MC - POLIVIS 014 PTO;G;600;
6102L;C6102L;POSTO PRAIA SANTA - CAMISETA GOLA RED MC - POLIVIS 070 CONCRET;G;600;
6170J;C6170J;PMI - CAMISETA GOLA RED ML - POLIVIS 001 BRANCO JAVANESA;G;600;
6220N;C6220N;PLASVALE - CAMISETA GOLA RED MC - POLIVIS 012 VERMELHO;G;600;
6492E;C6492E;PLACICAR - CAMISETA GOLA RED MC - POLIVISCOSE 014 PRETO;G;600;
6281N;C6281N;PEDRO LESSA - CAMISETA GOLA RED MC - ALG 30-1CARD 015 AZ RY;G;600;
6275N;C6275N;PARANA EDUCACAO - CAMISETA GOLA RED ML - POLIVIS 015 AZ RY;G;600;
6277N;C6277N;PARANA EDUCACAO - CAMISETA GOLA POLO MC - POLIVIS 030 CZ CLARO;G;600;
6426M;C6426M;NEWSUL -  CAMISETA GOLA RED ML - POLIVIS 016 MARINHO;G;600;
6087G;C6087G;MET BASSO - CAMISETA GOLA RED MC - POLIVIS 070 CONCRETO;G;600;
6177M;C6177M;MATRIX -  CAMISETA GOLA RED MC - POLIVIS 039 MESCLA;G;600;
6184N;C6184N;MASTER - CAMISETA GOLA RED MC - MALHA ALG 30-1CARD 101 AZ CEU;G;600;
6650L;C6650L;MARCOS - CAMISETA GOLA RED ML - POLIVIS 230 ALUMINIO;G;600;
6959H;C6959H;MAGIUS - CAMISETA GOLA RED MC - MALHA ALG 30/1 CARD 130 MARIN;G;600;
6038E;C6038E;KISNER - CAMISETA GOLA RED MC - PV 094 CZ CHUMBO;G;600;
00494ZZ;C00494ZZ;KEPLER - CAMISETA GOLA RED MC - POLIVISCOSE 034 CAQUI;G;600;
6064M;C6064M;JA DEMATOS - CAMISETA GOLA RED MC - POLVISC 130 AZ MARIN;G;600;
6373L;C6373L;INOVACAO INDUSTRIAL - CAMISETA GOLA RED ML - POLIVIS 015 AZ RY;G;600;
6152I;C6152I;HUMATECH - CAMISETA GOLA RED MC - POLIVISCOSE 014 PTO;G;600;
6272N;C6272N;FUND STA TEREZINHA - CAMISETA GOLA RED MC - POLIVIS 036 CHUMBO;G;600;
6770E;C6770E;FAZ AGUA VERMELHA - CAMISETA GOLA RED ML - POLIVIS 136 LARANJ;G;600;
6678K;C6678K;FAZ AGUA VERMELHA - CAMISETA GOLA RED MC - POLIVIS 136 LARANJ;G;600;
6892L;C6892L;FAMART - CAMISETA GOLVIS 092 CBMALHA POLIVIS 092 COBALTO;G;600;
6049D;C6049D;ENSINGER - CAMISETA GOLA RED MC - POLIVIS 015 AZ RY;G;600;
6730L;C6730L;EATON - CAMISETA GOLA RED ML - MALHA POLI - 015 AZ.RY;G;600;
6089L;C6089L;DALLE - CAMISETA GOLA RED ML - CONST - PV 039 MESCLA AA;G;600;
00630ZZ;C00630ZZ;CORTEVA -  CAMISETA GOLA RED ML - POLIVIS 041 LARANJA A;G;600;
00627ZZ;C00627ZZ;CORTEVA -  CAMISETA GOLA RED MC - POLIVIS 041 LARANJA AA;G;600;
00655ZZ;C00655ZZ;CORTEVA -  CAMISETA GOL RED ML - MALHA DRY LISA 12534 TURQUESA;G;600;
6521B;C6521B;CORD DE SANTANA - CAMISETA GOLA RED ML - POLIVIS 065 VERDE;G;600;
6455J;C6455J;COPAT - CAMISETA GOLA RED MC - POLIVIS 015 RY;G;600;
6222N;C6222N;CHRIS CINTOS -  CAMISETA GOLA RED MC - POLIVIS 092-COBALTO;G;600;
6119N;C6119N;CENCI - CAMISETA GOLA RED MC - POLIVIS 1010 MESCLA;G;600;
1116ZZ;C1116ZZ;CAMISETA GOLA REDONDA MC LUBRAX MAIS - OK;G;600;
6129G;C6129G;CAAL - CAMISETA GOLA RED MC - POLIVISCOSE 010 AREIA;G;600;
6029H;C6029H;CAAL -  CAMISETA GOLA RED MC - POLIVIS 027 TURQUESA;G;600;
6391M;C6391M;BRAMETAL -  CAMISETA GOLA POLO ML - POLIVIS 034 VERDE;G;600;
6843M;C6843M;AKER -  CAMISETA GOLA RED MC - ALG 3-1CARD 079 VERM;G;600;
6610I;C6610I;REDE HG - CAMISETA GOLA RED MC - POLIVISCOSE 015 AZ JAV;GG;600;
6873K;C6873K;REALIZ ENGENHARIA - CAMISETA GOLA RED ML - PV 230 ALUMINIO;GG;600;
6928M;C6928M;BNO COMERCIO -  CAMISETA GOLA RED ML - POLIVIS 025 CZ;GG;600;
6219J;C6219J;FIBRAPLASTIC -  CAMISETA GOLA PADRE MC - POLIVIS 012 VERM;G;601;
6618L;C6618L;LIBRELATO -  CAMISETA POLO MC - MED ESP - PIQUET PA 130 MARI;ESPEC;602;
3496J;C3496J;FRAS LE - JALECO MC - MED ESP - UNILEVE 1003 AZUL;ESPEC;602;
6087F;C6087F;TERRAP SAO CIRO -  CAMISETA GOLA POLO MC - PIQUET PA 093 AZ RY;G;602;
6611M;C6611M;TECMESTEEL -  CAMISETA GOLA POLO MC - PIQUET PA 130 MARINHO;G;602;
6507ZZ;C6507ZZ;ROD OIL -  CAMISETA GOLA POLO MC - PIQUET PA 178 VERM;G;602;
6521A;C6521A;ROCA MOVEIS -  CAMISETA POLO MC - PIQUET PA 8025 PRATA;G;602;
6716G;C6716G;REDE MONTEIROS - BABY LOOK POLO MC - PIQUET PA 093 AZ RY;G;602;
6599L;C6599L;REDE HG - CAMISETA POLO MC - MED ESP - PIQUET PA 178 VERM;G;602;
6682M;C6682M;POSTO VISAO - CAMISETA GOLA POLO MC - PIQUET PA 001 BRANCO;G;602;
6218L;C6218L;POSTO SAN DEJARO - CAMISETA POLO MC - PIQUET PA 130 MARIN;G;602;
6502M;C6502M;POSTO QUERO QUERO - BABY LOOK POLO MC -  PIQUET PA 178 VERM;G;602;
6721M;C6721M;POSTO PETROPIRES -  CAMISETA GOLA POLO MC - PIQUET PA 130 MARI;G;602;
6833I;C6833I;POSTO MARTINEZ -  CAMISETA GOLA POLO MC - PIQUET PA 093 AZ;G;602;
6263M;C6263M;POSTO MANFRIM - CAMISETA POLO MC - PIQUT PA 178 VERM;G;602;
6761K;C6761K;POSTO MAIOCHI - CAMISETA GOLA POLO MC - PIQUET PA 178 VERM;G;602;
6209L;C6209L;POSTO JACARE - CAMISETA POLO MC -  PIQUET PA 001 BCO;G;602;
6280M;C6280M;POSTO JACARE - CAMISETA GOLA POLO MC -  PIQUET PV 9 PRETO;G;602;
6437J;C6437J;POSTO GUARAPARI -  CAMISETA POLO MC - PIQUET PA 8025 PRATA;G;602;
6425I;C6425I;POSTO COMB FT  -  CAMISETA GOLA POLO MC - PIQUET PA 094 CHUMBO;G;602;
6935L;C6935L;POSTO COCAL - CAMISETA POLO MC - PIQUET PV 012 VERM;G;602;
6575M;C6575M;POSTO CIDADE - CAMISETA GOLA POLO MASC MC - POLIVIS 034 VERDE;G;602;
6189H;C6189H;POSTO CARESTIATO -  CAMISETA GOLA POLO MC - PIQUET PA 178 VERM;G;602;
6440M;C6440M;POSTO BOM PRINCIPIO - CAMISETA POLO MC - PIQUET PA 178 VERM;G;602;
6906M;C6906M;POSTO ATLANTICO - BABY POLO MC - PIQUET PV 01 MARINHO;G;602;
6189I;C6189I;PAEMA - CAMISETA GOLA POLO ML - POLIVIS 016 AZ MAR AA;G;602;
6612K;C6612K;MUNDIAL - CAMISETA GOLA POLO ML - PIQUET PV 182 CINZA;G;602;
6881L;C6881L;MASCOR  -  CAMISETA GOLA POLO MC - PIQUET INGLES 66 VERDE;G;602;
6769M;C6769M;MARINAS - CAMISETA GOLA POLO MC - PIQUET PA 178 VERM;G;602;
6781M;C6781M;JAIC -  CAMISETA GOLA POLO MC - PIQUET PA 093 AZ RY;G;602;
6778M;C6778M;JAIC -  CAMISETA GOLA POLO MC - PIQUET PA 001 BRANCO;G;602;
6195K;C6195K;JA LIMA - CAMISETA GOLA POLO MC - POLIVIS 014 PRETO;G;602;
6063M;C6063M;JA DE MATOS -  CAMISETA GOLA POLO MC - PIQUET PA 130 AZ MARINH;G;602;
6029L;C6029L;IRMAOS STOBIENIA - CAMISETA GOLA RED MC -  POLIVIS 034 VERDE;G;602;
6239K;C6239K;HUMATECH -  CAMISETA GOLA POLO MC - PIQUET PV 9E FIAC;G;602;
6269L;C6269L;HOERLLE E ASSUMPCAO -  CAMISETA POLO MC - POLIVISCOSE 014 PTO;G;602;
6015N;C6015N;HELLER - CAMISETA GOLA POLO MC - PIQUET PA 001 BRANCO;G;602;
6592G;C6592G;GRUPO CHARRUA -  CAMISETA GOLA POLO MC - PIQUET PA 001 BRANCO;G;602;
6654H;C6654H;FORMPARTS - CAMISETA POLO MC - MALHA PIQUET PV 020 VINHO  JAV;G;602;
6013K;C6013K;EUROPAN - CAMISETA GOLA POLO MC - PIQUET PV 09 PRETO AA;G;602;
6855J;C6855J;ERACI JOSE -  CAMISETA GOLA POLO MC - PIQUET PA 178 VERM;G;602;
6404K;C6404K;ERACI JOSE -  CAMISETA GOLA POLO MC - PIQUET PA 061 PRETO;G;602;
6173N;C6173N;EATON -  CAMISETA GOLA POLO MC - POLIVI 107 VERDE MUSGO;G;602;
6898M;C6898M;D LB COMERCIO -  CAMISETA GOLA POLO MC - PIQUET PA 061 PRETO;G;602;
2977A;C2977A;COMB SILVEIRA - CAMISETA POLO MC - PIQUET PA 090 VERDE;G;602;
6793B;C6793B;COMB LOVATO -  CAMISETA GOLA POLO MC - PV 182 CINZA;G;602;
6376K;C6376K;CMI BRASIL -  CAMISETA GOLA POLO MC - PIQUET PA 061 PTO;G;602;
6287N;C6287N;CINADIS - CAMISETA GOLA POLO MC - PIQUET PA 094 CHMBO;G;602;
6502L;C6502L;CINADIS -  CAMISETA GOLA POLO MC - PIQUET PA 094 CHUMBO;G;602;
6503L;C6503L;CINADIS -  CAMISETA GOLA POLO MC - PIQUET PA 061 PTO;G;602;
6500L;C6500L;CINADIS -  CAMISETA GOLA POLO MC - PIQUET PA 061 PRETO;G;602;
6702M;C6702M;CHARRUA -  CAMISETA GOLA POLO ML - PIQUET PA 001 BRANCO;G;602;
4208ZZ;C4208ZZ;CHARRUA -  CAMISETA GOLA POLO MC - PIQUET PA 7036 VD;G;602;
6936M;C6936M;CHARRUA -  CAMISETA GOLA POLO MC - PIQUET PA 178 VERMELHO;G;602;
6924J;C6924J;CEDRO GAS - CAMISETA GOLA POLO MC - POLIVIS  065VERDE I;G;602;
6390M;C6390M;BRAMETAL -  CAMISETA GOLA POLO MC - POLIVIS 034 VERDE;G;602;
6191I;C6191I;BOA ESPERANCA - CAMISA POLO MC - PIQUET PA 001 BCO ETAL;G;602;
6988L;C6988L;BNO - CAMISETA POLO MC - POLIVIS 034 VERDE;G;602;
6766M;C6766M;BERNECK SA - CAMISETA GOLA POLO MC - PIQUET PA 001 BRANCO;G;602;
6574L;C6574L;BENTO SUL -  CAMISETA GOLA POLO MC - PIQUET PA 130 AZ MAR;G;602;
6142ZZ;C6142ZZ;BABY LOOK GOLA POLO ML -  PIQUET PA 001 BCO;G;602;
6143ZZ;C6143ZZ;BABY LOOK GOLA POLO MC - PIQUET PV 9 PRETO;G;602;
00555ZZ;C00555ZZ;BABY LOOK GOLA POLO MC -  001 BCO;G;602;
6103ZZ;C6103ZZ;BABY LOOK GOLA POLO FRENTISTA MC - OK;G;602;
6935I;C6935I;ARM VENDA -  CAMISETA GOLA POLO MC - PIQUET PA 998 MESCLA;G;602;
6452L;C6452L;ARAUJO E PORTELA -  CAMISETA GOL POLO MC - PIQUET PA 025 AREIA;G;602;
6373H;C6373H;AGUIA SISTEMAS - CAMISETA POLO MC - POLIVISCOSE 036 CHUMBO JAV;G;602;
6368H;C6368H;AGUIA SISTEMAS -  CAMISETA POLO MC - MALHA PIQUET PA 101 AZUL;G;602;
6818L;C6818L;AGCO -  CAMISETA GOLA POLO MC - POLIVIS 030 CINZA;G;602;
6205K;C6205K;AB COMERCIO -  CAMISETA GOLA POLO MC - PIQUET PA 032 AZ BEBE;G;602;
6919M;C6919M;WORLEY- CAMISETA GOLA POLO MC PIQUET PA - 001 BRANCO;GG;602;
6782I;C6782I;STATUS RIO AUTO -  CAMISETA GOLA POLO MC - PIQUET PA 061 PRETO;GG;602;
6872K;C6872K;REALIZ - CAMISETA GOLA POLO MC - PV 014 PRETO;GG;602;
6873M;C6873M;POSTO ALMIRANTE - CAMISETA POLO MC - PIQUET PV 130 MARINHO;GG;602;
6908L;C6908L;MASCOR -  BABY GOLA POLO MC - PIQUET INGLES 66 VD MILITAR;GG;602;
6550L;C6550L;GRAMADO TERMAS -  CAMISETA GOLA POLO MC - PIQUET PV 015 AZ;GG;602;
6275M;C6275M;NBTECH - CAMISETA GOLA V  MC - POLIVIS 015 AZ RY;G;603;
6364G;C6364G;LINTEC - CAMISETA GOLA V  MC - POLIVIS 039 MESCLA;G;603;
6305M;C6305M;INTRAL - CAMISETA GOLA V  MC - POLIVISCOSE 010 AREIA;G;603;
6398C;C6398C;DASS - CAMISETA GOLA V MC - POLIVISCOSE 015 AZ ROYAL;G;603;
00156ZZ;C00156ZZ;AGRALE - CAMISETA GOLA V ML PROD ESP - POLIVIS 039 MESCLA;G;603;
6270A;C6270A;AGRALE - CAMISETA GOLA V MC - BRIGADA - POLI 039 MESCLA;G;603;
6510ZZ;C6510ZZ;ROD OIL -  BABY LOOK GOLA RED MC - POLIVIS 078 VERM;G;604;
6792J;C6792J;POSTO RETAO - CAMISETA POLO MC - MED ESP - POLIVIS 012 VERM;ESPEC;606;
6918M;C6918M;WORLEY- BABY LOOK GOLA POLO MC PIQUET PA - 001 BRANCO;G;606;
6317L;C6317L;VIEMAR - BABY LOOK GOLA POLO MC - PIQUET PV 034 VD;G;606;
6508ZZ;C6508ZZ;ROD OIL -  BABY LOOK GOLA POLO MC - PIQUET PA 178 VERM;G;606;
6050J;C6050J;REDE HG -  BABY GOLA POLO MC - PIQUET PA 025 AREIA ETALAN;G;606;
6781J;C6781J;POSTO RETAO - BABY POLO MC - POLIVIS 012 VERMELHO;G;606;
6897I;C6897I;POSTO MARTINEZ -  BABY LOOK GOLA POLO MC - PIQUET PA 093 AZ;G;606;
6647M;C6647M;POSTO BOM PRINCIPIO - BABY POLO MC - PIQUET PA 078 VERM;G;606;
6284M;C6284M;JTI -  BABY GOLA POLO MC - PIOQUET PA 130 MARIN;G;606;
6668M;C6668M;JTI -  BABY  GOLA POLO MC - PIQUET PA 998 MESCLA;G;606;
6142M;C6142M;HJJ -  BABY GOLA POLO MC - PIQUET PA 130 MARINHO;G;606;
6170M;C6170M;HERCULES - BABY GOLA POLO MC - PIQUET PA 130 MARINHO;G;606;
6244M;C6244M;CORTEVA - BABY POLO MC - MALHA PIQUET PV 012 VERM  1;G;606;
6353L;C6353L;CMI BRASIL -  BABY GOLA POLO MC - PIQUET PA 061 PTO;G;606;
6455L;C6455L;BABY LOOK GOLA POLO MC - PIQUET PV 020 BORDO;G;606;
6445L;C6445L;BABY GOLA POLO MC - PIQUET PV 3 AZ RY;G;606;
6446L;C6446L;BABY GOLA POLO MC - PIQUET PV 185 LARANJA;G;606;
6206D;C6206D;AUTO POSTO PETROBRASILIA - BABY  GOLA POLO MC- PIQUET PV 04 VD;G;606;
6443L;C6443L;ARAUJO E PORTELA -BABY LOOK GOL POLO MC - PIQUET PA 025 AREIA;G;606;
6451L;C6451L;ARAUJO E PORTELA - BABY LOOK GOL POLO ML - PIQUET PA 025 AREIA;G;606;
00348ZZ;C00348ZZ;RANDON - TOUCA PINTOR - UNILEVE 1009 CZ AA;UNICO;904;
6375C;C6375C;RAM - CAMISETA GOLA RED MC - ALG 24-1 079 VERM;G;905;
9855G;C9855G;HELLER- MOLETOM V - FLANELADO 08 CACHEMIR MESCLA CLARO;G;912;
9248B;C9248B;DENAT - MOLETOM GOLA V - FELPADO 15 GELO;G;912;
9697C;C9697C;V8 KISNER - MOLETON GOLA RED - MOLETON FELPADO 14 CZ;G;914;
9347C;C9347C;TFL - MOLETON - FLANELADO 08 MESCLA;G;914;
9017G;C9017G;SJP - MOLETON RED - FLANELADO 093 AZ RY;G;914;
9869E;C9869E;SHOPPING CAR - MOLETOM MASCULINO - FELPADO 7 MARROM;G;914;
9801F;C9801F;SAN DJENARO - MOLETON - FLANELADO 130 MARINHO;G;914;
6513ZZ;C6513ZZ;ROD OIL - MOLETON MASC ABERTO COM CAPUZ - FLANELADO 078 VERM;G;914;
9664E;C9664E;POSTO ZAKA - MOLETON  MASC - CASHMERE 20130 VERM;G;914;
9297G;C9297G;POSTO DUQUE - MOLETON MASC - FLANELADO 061 PTO;G;914;
9761E;C9761E;PMI - MOLETON GOLA RED - FLANELADO 001 BRANCO;G;914;
1536ZZ;C1536ZZ;PETROBRAS - MOLETON LUBRAX/GERENTE UNISSEX - FELPADO VERDE;G;914;
1505ZZ;C1505ZZ;PETROBRAS - MOLETON FRENT/GERENTE UNISSEX - FELPADO VERDE;G;914;
3525ZZ;C3525ZZ;MOLETON LOJA DE CONVENIENCIA FEM;G;914;
3510ZZ;C3510ZZ;MOLETOM FRENTISTA FEMININO;G;914;
6135ZZ;C6135ZZ;MOLETOM FEMININO - FLANELADO 078 VERM;G;914;
9615G;C9615G;MEZAS - MOLETON RED - FLANELADO 061 PRETO;G;914;
9019E;C9019E;INDUCAL - MOLETOM GOLA RED - FLANELADO 130 AZUL MARINHO;G;914;
9728G;C9728G;GROSS E COSTA - MOLETOM MASC - FELPADO 130 MARINHO;G;914;
9591G;C9591G;FELTEN E QUADROS - MOLETON RED - FLANELADO 130 MARINHO;G;914;
9480F;C9480F;ERACI - MOLETON MASC - FLANELADO 061 PRETO;G;914;
4110ZZ;C4110ZZ;CHARRUA - MOLETON GOLA REDONDA - CAIXA;G;914;
4111ZZ;C4111ZZ;CHARRUA - MOLETOM GOLA REDONDA FRENTISTA;G;914;
9921F;C9921F;CENCI - MOLETON GOLA RED FEMININO  - 3 CABOS 036 CHUMBO;G;914;
9744B;C9744B;ARROZ PALMARES - MOLETON GOLA RED - FELPADO 13 BORDO;G;914;
9322G;C9322G;ALIANCA - MOLETON RED - FLANELADO 996 MESCLA;G;914;
9622F;C9622F;POSTO MAIOCHI - MOLETON MASC - FLANELADO 078 VERM;GG;914;
3543ZZ;C3543ZZ;AVENTAL CM - UNILIGHT 5070 AZ MARINHO;G;915;
6119ZZ;C6119ZZ;AVENTAL - UNILESTER SOFT 2016 PRETO;G;915;
9149H;C9149H;MOET HENNESSY - COLETE V - DOPTEL PLUS 001--1391 CYAN;G;920;
9979G;C9979G;FGVTN - COLETE GOLA V - UNILESTER SOFT 2015 VERDE;G;921;
