00479ZZ-EXG;CALCA ELAST TOTAL - UNIFORTE 1003 AZ CEL - CONF1 - AA;C00479ZZ;ITEM INATIVO UTILIZAR MODELO C00479ZZ
00479ZZ-G;CALCA ELAST TOTAL-UNIFORTE 1003 AZ CEL- CONF1-AA;C00479ZZ;ITEM INATIVO UTILIZAR MODELO C00479ZZ
00479ZZ-GG;CALCA ELAST TOTAL-UNIFORTE 1003 AZ CEL- CONF1-AA;C00479ZZ;ITEM INATIVO UTILIZAR MODELO C00479ZZ
00479ZZ-M;CALCA ELAST TOTAL-UNIFORTE 1003 AZ CEL- CONF1-AA;C00479ZZ;ITEM INATIVO UTILIZAR MODELO C00479ZZ
00479ZZ-P;CALCA ELAST TOTAL-UNIFORTE 1003 AZ CEL- CONF1-AA;C00479ZZ;ITEM INATIVO UTILIZAR MODELO C00479ZZ
00479ZZ-XG;CALCA ELAST TOTAL - UNIFORTE 1003 AZ CEL - CONF1 - AA;C00479ZZ;ITEM INATIVO UTILIZAR MODELO C00479ZZ
00480ZZ-EXG;RANDON - CAMISETA GOLA POLO MC - MALHA PIQUET PA 100 AZUL - EXG;C00480ZZ;ITEM INATIVO UTILIZAR MODELO C00480ZZ
00480ZZ-G;RANDON - CAMISETA GOLA POLO MC - MALHA PIQUET PA 100 AZUL - G;C00480ZZ;ITEM INATIVO UTILIZAR MODELO C00480ZZ
00480ZZ-GG;RANDON - CAMISETA GOLA POLO MC - MALHA PIQUET PA 100 AZUL - GG;C00480ZZ;ITEM INATIVO UTILIZAR MODELO C00480ZZ
00480ZZ-M;RANDON - CAMISETA GOLA POLO MC - MALHA PIQUET PA 100 AZUL - M;C00480ZZ;ITEM INATIVO UTILIZAR MODELO C00480ZZ
00480ZZ-P;RANDON - CAMISETA GOLA POLO MC - MALHA PIQUET PA 100 AZUL - P;C00480ZZ;ITEM INATIVO UTILIZAR MODELO C00480ZZ
00480ZZ-XG;RANDON - CAMISETA GOLA POLO MC - MALHA PIQUET PA 100 AZUL - XG;C00480ZZ;ITEM INATIVO UTILIZAR MODELO C00480ZZ
00481ZZ-EXG;FRAS-LE - CAMISETA GOLA POLO MC - MALHA PIQUET PA 100 AZULAA;C00481ZZ;ITEM INATIVO UTILIZAR MODELO C00481ZZ
00481ZZ-XG;FRAS-LE - CAMISETA GOLA POLO MC - MALHA PIQUET PA 100 AZULAA;C00481ZZ;ITEM INATIVO UTILIZAR MODELO C00481ZZ
00482ZZ-EXG;SUSPENSYS - CAMISETA GOLA POLO MC - MALHA PIQUET PA 100 AZUL;C00482ZZ;ITEM INATIVO UTILIZAR MODELO C00482ZZ
00482ZZ-G;SUSPENSYS - CAMISETA GOLA POLO MC - MALHA PIQUET PA 100 AZUL;C00482ZZ;ITEM INATIVO UTILIZAR MODELO C00482ZZ
00482ZZ-GG;SUSPENSYS - CAMISETA GOLA POLO MC - MALHA PIQUET PA 100 AZUL;C00482ZZ;ITEM INATIVO UTILIZAR MODELO C00482ZZ
00482ZZ-M;SUSPENSYS - CAMISETA GOLA POLO MC - MALHA PIQUET PA 100 AZUL;C00482ZZ;ITEM INATIVO UTILIZAR MODELO C00482ZZ
00482ZZ-P;SUSPENSYS - CAMISETA GOLA POLO MC - MALHA PIQUET PA 100 AZUL;C00482ZZ;ITEM INATIVO UTILIZAR MODELO C00482ZZ
00482ZZ-XG;SUSPENSYS - CAMISETA GOLA POLO MC - MALHA PIQUET PA 100 AZUL;C00482ZZ;ITEM INATIVO UTILIZAR MODELO C00482ZZ
00521ZZ-EXG;FRAS LE - JALECO ML - UNILEVE 1003 AZUL - CONF1 - AA;C00521ZZ;ITEM INATIVO UTILIZAR MODELO C00521ZZ
00522ZZ-EXG;IMPLEMENTOS - JALECO ML - UNILEVE 1003 AZUL - CONF1 - AA - EXG;C00522ZZ;ITEM INATIVO UTILIZAR MODELO C00522ZZ
00522ZZ-G;IMPLEMENTOS - JALECO ML - UNILEVE 1003 AZUL - CONF1 - AA - G;C00522ZZ;ITEM INATIVO UTILIZAR MODELO C00522ZZ
00522ZZ-GG;IMPLEMENTOS - JALECO ML - UNILEVE 1003 AZUL - CONF1 - AA - GG;C00522ZZ;ITEM INATIVO UTILIZAR MODELO C00522ZZ
00522ZZ-M;IMPLEMENTOS - JALECO ML - UNILEVE 1003 AZUL - CONF1 - AA - M;C00522ZZ;ITEM INATIVO UTILIZAR MODELO C00522ZZ
00522ZZ-P;IMPLEMENTOS - JALECO ML - UNILEVE 1003 AZUL - CONF1 - AA - P;C00522ZZ;ITEM INATIVO UTILIZAR MODELO C00522ZZ
00522ZZ-XG;IMPLEMENTOS - JALECO ML - UNILEVE 1003 AZUL - CONF1 - AA - XG;C00522ZZ;ITEM INATIVO UTILIZAR MODELO C00522ZZ
00660ZZ-EGG;MASCARELLO - CALCA ELAST TOTAL -  UNIVERSAL 1414 AZ RY - CONF1AA;C00660ZZ;ITEM INATIVO UTILIZAR MODELO C00660ZZ
00661ZZ-EG;MASCARELLO -  CAMISETA GOL RED MC - MALHA POLIVIS 015 AZ RY - CONF;C00661ZZ;ITEM INATIVO UTILIZAR MODELO C00661ZZ
00661ZZ-EGG;MASCARELLO -  CAMISETA GOL RED MC - MALHA POLIVIS 015 AZ RY - CONF;C00661ZZ;ITEM INATIVO UTILIZAR MODELO C00661ZZ
00661ZZ-EXGG;MASCARELLO -  CAMISETA GOL RED MC - MALHA POLIVIS 015 AZ RY - CONF;C00661ZZ;ITEM INATIVO UTILIZAR MODELO C00661ZZ
00661ZZ-PP;MASCARELLO -  CAMISETA GOL RED MC - MALHA POLIVIS 015 AZ RY - CONF;C00661ZZ;ITEM INATIVO UTILIZAR MODELO C00661ZZ
00661ZZ-XXG;MASCARELLO -  CAMISETA GOL RED MC - MALHA POLIVIS 015 AZ RY - CONF;C00661ZZ;ITEM INATIVO UTILIZAR MODELO C00661ZZ
00661ZZ-XXGG;MASCARELLO -  CAMISETA GOL RED MC - MALHA POLIVIS 015 AZ RY - CONF;C00661ZZ;ITEM INATIVO UTILIZAR MODELO C00661ZZ
00662ZZ-EG;MASCARELLO  -  CAMISETA GOL RED ML - MALHA POLIVIS 015 AZ RY  - CONF1;C00662ZZ;ITEM INATIVO UTILIZAR MODELO C00662ZZ
00662ZZ-XXG;MASCARELLO  -  CAMISETA GOL RED ML - MALHA POLIVIS 015 AZ RY  - CONF1;C00662ZZ;ITEM INATIVO UTILIZAR MODELO C00662ZZ
00687ZZ-EXG;RANDON - JALECO ML - UNSOFT 1414 AZ ROYAL - CONF 1;C00687ZZ;ITEM INATIVO UTILIZAR MODELO C00687ZZ
00687ZZ-G;RANDON - JALECO ML - UNSOFT 1414 AZ ROYAL - CONF 1;C00687ZZ;ITEM INATIVO UTILIZAR MODELO C00687ZZ
00687ZZ-GG;RANDON - JALECO ML - UNSOFT 1414 AZ ROYAL - CONF 1;C00687ZZ;ITEM INATIVO UTILIZAR MODELO C00687ZZ
00687ZZ-M;RANDON - JALECO ML - UNSOFT 1414 AZ ROYAL - CONF 1;C00687ZZ;ITEM INATIVO UTILIZAR MODELO C00687ZZ
00687ZZ-P;RANDON - JALECO ML - UNSOFT 1414 AZ ROYAL - CONF 1;C00687ZZ;ITEM INATIVO UTILIZAR MODELO C00687ZZ
00687ZZ-XG;RANDON - JALECO ML - UNSOFT 1414 AZ ROYAL - CONF 1;C00687ZZ;ITEM INATIVO UTILIZAR MODELO C00687ZZ
1104K-EXG;FRASLE - CALCA MEIO ELAST - UNISAFE PRO 1009 CINZA - CONF1;C1104K;ITEM INATIVO UTILIZAR MODELO C1104K
1104K-G;FRASLE - CALCA MEIO ELAST - UNISAFE PRO 1009 CINZA - CONF1;C1104K;ITEM INATIVO UTILIZAR MODELO C1104K
1104K-GG;FRASLE - CALCA MEIO ELAST - UNISAFE PRO 1009 CINZA - CONF1;C1104K;ITEM INATIVO UTILIZAR MODELO C1104K
1104K-M;FRASLE - CALCA MEIO ELAST - UNISAFE PRO 1009 CINZA - CONF1;C1104K;ITEM INATIVO UTILIZAR MODELO C1104K
1104K-P;FRASLE - CALCA MEIO ELAST - UNISAFE PRO 1009 CINZA - CONF1;C1104K;ITEM INATIVO UTILIZAR MODELO C1104K
1104K-XG;FRASLE - CALCA MEIO ELAST - UNISAFE PRO 1009 CINZA - CONF1;C1104K;ITEM INATIVO UTILIZAR MODELO C1104K
1228G-G;SCHNEIDER - CALCA MEIO ELASTICO - SARJA 250GR 8450 CINZA - CONF;C1228G;ITEM INATIVO UTILIZAR MODELO C1228G
1228G-GG;SCHNEIDER - CALCA MEIO ELASTICO - SARJA 250GR 8450 CINZA - CONF;C1228G;ITEM INATIVO UTILIZAR MODELO C1228G
1228G-M;SCHNEIDER - CALCA MEIO ELASTICO - SARJA 250GR 8450 CINZA - CONF;C1228G;ITEM INATIVO UTILIZAR MODELO C1228G
1228G-P;SCHNEIDER - CALCA MEIO ELASTICO - SARJA 250GR 8450 CINZA - CONF;C1228G;ITEM INATIVO UTILIZAR MODELO C1228G
1228G-PP;SCHNEIDER - CALCA MEIO ELASTICO - SARJA 250GR 8450 CINZA - CONF;C1228G;ITEM INATIVO UTILIZAR MODELO C1228G
1604H-EXG;RANDON - CALCA ELAST TOTAL -  UNIFORTE 1013 VERMELHO - CONF1AA - EXG;C1604H;ITEM INATIVO UTILIZAR MODELO C1604H
1604H-G;RANDON - CALCA ELAST TOTAL -  UNIFORTE 1013 VERMELHO  - CONF1 - AA - G;C1604H;ITEM INATIVO UTILIZAR MODELO C1604H
1604H-GG;RANDON - CALCA ELAST TOTAL - UNIFORTE 1013 VERMELHO  - CONF1 - AA - GG;C1604H;ITEM INATIVO UTILIZAR MODELO C1604H
1604H-M;RANDON - CALCA ELAST TOTAL -  UNIFORTE 1013 VERMELHO  - CONF1 - AA - M;C1604H;ITEM INATIVO UTILIZAR MODELO C1604H
1604H-P;RANDON - CALCA ELAST TOTAL -  UNIFORTE 1013 VERMELHO  - CONF1 - AA - P;C1604H;ITEM INATIVO UTILIZAR MODELO C1604H
1604H-XG;RANDON - CALCA ELAST TOTAL -  UNIFORTE 1013 VERMELHO - CONF1 - AA - XG;C1604H;ITEM INATIVO UTILIZAR MODELO C1604H
1665J-EXG;FRASLE - CALCA ELAST TOTAL - UNIFORTE 1159 VD CLARO - CONF1 - EXG;C1665J;ITEM INATIVO UTILIZAR MODELO C1665J
1665J-G;FRASLE - CALCA ELAST TOTAL - UNIFORTE 1159 VD CLARO - CONF1 - G;C1665J;ITEM INATIVO UTILIZAR MODELO C1665J
1665J-GG;FRASLE - CALCA ELAST TOTAL - UNIFORTE 1159 VD CLARO - CONF1 - GG;C1665J;ITEM INATIVO UTILIZAR MODELO C1665J
1665J-M;FRASLE - CALCA ELAST TOTAL - UNIFORTE 1159 VD CLARO - CONF1 - M;C1665J;ITEM INATIVO UTILIZAR MODELO C1665J
1665J-P;FRASLE - CALCA ELAST TOTAL - UNIFORTE 1159 VD CLARO - CONF1 - P;C1665J;ITEM INATIVO UTILIZAR MODELO C1665J
1665J-XG;FRASLE - CALCA ELAST TOTAL - UNIFORTE 1159 VD CLARO - CONF1 - XG;C1665J;ITEM INATIVO UTILIZAR MODELO C1665J
1688J-EXG;COMIL - CALCA ELAST TOTAL -  UNIVERSAL 1414 AZ RY - CONF1AA;C1688J;ITEM INATIVO UTILIZAR MODELO C1688J
1688J-G;COMIL - CALCA ELAST TOTAL -  UNIVERSAL 1414 AZ RY - CONF1AA;C1688J;ITEM INATIVO UTILIZAR MODELO C1688J
1688J-GG;COMIL - CALCA ELAST TOTAL -  UNIVERSAL 1414 AZ RY - CONF1AA;C1688J;ITEM INATIVO UTILIZAR MODELO C1688J
1688J-GGX;COMIL - CALCA ELAST TOTAL -  UNIVERSAL 1414 AZ RY - CONF1AA;C1688J;ITEM INATIVO UTILIZAR MODELO C1688J
1688J-M;COMIL - CALCA ELAST TOTAL -  UNIVERSAL 1414 AZ RY - CONF1AA;C1688J;ITEM INATIVO UTILIZAR MODELO C1688J
1688J-P;COMIL - CALCA ELAST TOTAL -  UNIVERSAL 1414 AZ RY - CONF1AA;C1688J;ITEM INATIVO UTILIZAR MODELO C1688J
1688J-PP;COMIL - CALCA ELAST TOTAL -  UNIVERSAL 1414 AZ RY - CONF1AA;C1688J;ITEM INATIVO UTILIZAR MODELO C1688J
1688J-XG;COMIL - CALCA ELAST TOTAL -  UNIVERSAL 1414 AZ RY - CONF1AA;C1688J;ITEM INATIVO UTILIZAR MODELO C1688J
1688J-XGG;COMIL - CALCA ELAST TOTAL -  UNIVERSAL 1414 AZ RY - CONF1AA;C1688J;ITEM INATIVO UTILIZAR MODELO C1688J
1723J-EXG;RANDON - CALCA MEIO ELAST - UNISAFE SLIM 1009 CINZA - CONF1;C1723J;ITEM INATIVO UTILIZAR MODELO C1723J
1723J-G;RANDON - CALCA MEIO ELAST - UNISAFE SLIM 1009 CINZA - CONF1;C1723J;ITEM INATIVO UTILIZAR MODELO C1723J
1723J-GG;RANDON - CALCA MEIO ELAST - UNISAFE SLIM 1009 CINZA - CONF1;C1723J;ITEM INATIVO UTILIZAR MODELO C1723J
1723J-M;RANDON - CALCA MEIO ELAST - UNISAFE SLIM 1009 CINZA - CONF1;C1723J;ITEM INATIVO UTILIZAR MODELO C1723J
1723J-P;RANDON - CALCA MEIO ELAST - UNISAFE SLIM 1009 CINZA - CONF1;C1723J;ITEM INATIVO UTILIZAR MODELO C1723J
1723J-XG;RANDON - CALCA MEIO ELAST - UNISAFE SLIM 1009 CINZA - CONF1;C1723J;ITEM INATIVO UTILIZAR MODELO C1723J
1724J-EXG;RANDON - CALCA MEIO ELAST - UNISAFE PRO 1009 CINZA - CONF1;C1724J;ITEM INATIVO UTILIZAR MODELO C1724J
1724J-G;RANDON - CALCA MEIO ELAST - UNISAFE PRO 1009 CINZA - CONF1;C1724J;ITEM INATIVO UTILIZAR MODELO C1724J
1724J-GG;RANDON - CALCA MEIO ELAST - UNISAFE PRO 1009 CINZA - CONF1;C1724J;ITEM INATIVO UTILIZAR MODELO C1724J
1724J-M;RANDON - CALCA MEIO ELAST - UNISAFE PRO 1009 CINZA - CONF1;C1724J;ITEM INATIVO UTILIZAR MODELO C1724J
1724J-P;RANDON - CALCA MEIO ELAST - UNISAFE PRO 1009 CINZA - CONF1;C1724J;ITEM INATIVO UTILIZAR MODELO C1724J
1724J-XG;RANDON - CALCA MEIO ELAST - UNISAFE PRO 1009 CINZA - CONF1;C1724J;ITEM INATIVO UTILIZAR MODELO C1724J
2085M-G;MASCARELLO  - CAMISA OPER ML - UNIOFFICE 3002 CINZA  - CONF1;C2085M;ITEM INATIVO UTILIZAR MODELO C2085M
2085M-GG;MASCARELLO  - CAMISA OPER ML - UNIOFFICE 3002 CINZA  - CONF1;C2085M;ITEM INATIVO UTILIZAR MODELO C2085M
2085M-GGX;MASCARELLO  - CAMISA OPER ML - UNIOFFICE 3002 CINZA  - CONF1;C2085M;ITEM INATIVO UTILIZAR MODELO C2085M
2085M-M;MASCARELLO  - CAMISA OPER ML - UNIOFFICE 3002 CINZA  - CONF1;C2085M;ITEM INATIVO UTILIZAR MODELO C2085M
2085M-P;MASCARELLO  - CAMISA OPER ML - UNIOFFICE 3002 CINZA  - CONF1;C2085M;ITEM INATIVO UTILIZAR MODELO C2085M
2085M-PP;MASCARELLO  - CAMISA OPER ML - UNIOFFICE 3002 CINZA  - CONF1;C2085M;ITEM INATIVO UTILIZAR MODELO C2085M
2086M-EXG;MASCARELLO -  CAMISETE OPER ML - LONDON 004-1428 AZ - CONF1;C2086M;ITEM INATIVO UTILIZAR MODELO C2086M
2086M-G;MASCARELLO -  CAMISETE OPER ML - LONDON 004-1428 AZ - CONF1;C2086M;ITEM INATIVO UTILIZAR MODELO C2086M
2086M-GG;MASCARELLO -  CAMISETE OPER ML - LONDON 004-1428 AZ - CONF1;C2086M;ITEM INATIVO UTILIZAR MODELO C2086M
2086M-P;MASCARELLO -  CAMISETE OPER ML - LONDON 004-1428 AZ - CONF1;C2086M;ITEM INATIVO UTILIZAR MODELO C2086M
2086M-PP;MASCARELLO -  CAMISETE OPER ML - LONDON 004-1428 AZ - CONF1;C2086M;ITEM INATIVO UTILIZAR MODELO C2086M
2086M-XG;MASCARELLO -  CAMISETE OPER ML - LONDON 004-1428 AZ - CONF1;C2086M;ITEM INATIVO UTILIZAR MODELO C2086M
2160M-EXG;COMIL -  CAMISETE OPER ML - LONDON 004-1428 AZUL - CONF1;C2160M;ITEM INATIVO UTILIZAR MODELO C2160M
2160M-G;COMIL -  CAMISETE OPER ML - LONDON 004-1428 AZUL - CONF1;C2160M;ITEM INATIVO UTILIZAR MODELO C2160M
2160M-GG;COMIL -  CAMISETE OPER ML - LONDON 004-1428 AZUL - CONF1;C2160M;ITEM INATIVO UTILIZAR MODELO C2160M
2160M-M;COMIL -  CAMISETE OPER ML - LONDON 004-1428 AZUL - CONF1;C2160M;ITEM INATIVO UTILIZAR MODELO C2160M
2160M-P;COMIL -  CAMISETE OPER ML - LONDON 004-1428 AZUL - CONF1;C2160M;ITEM INATIVO UTILIZAR MODELO C2160M
2160M-PP;COMIL -  CAMISETE OPER ML - LONDON 004-1428 AZUL - CONF1;C2160M;ITEM INATIVO UTILIZAR MODELO C2160M
2160M-XG;COMIL -  CAMISETE OPER ML - LONDON 004-1428 AZUL - CONF1;C2160M;ITEM INATIVO UTILIZAR MODELO C2160M
2185L-G;MASC PARTICIPACOES - CAMISA OPER MC - UNIOFFICE 3004 AZ CL - CONF1;C2185L;ITEM INATIVO UTILIZAR MODELO C2185L
2185L-GG;MASC PARTICIPACOES - CAMISA OPER MC - UNIOFFICE 3004 AZ CL - CONF1;C2185L;ITEM INATIVO UTILIZAR MODELO C2185L
2185L-M;MASC PARTICIPACOES - CAMISA OPER MC - UNIOFFICE 3004 AZ CL - CONF1;C2185L;ITEM INATIVO UTILIZAR MODELO C2185L
2185L-P;MASC PARTICIPACOES - CAMISA OPER MC - UNIOFFICE 3004 AZ CL - CONF1;C2185L;ITEM INATIVO UTILIZAR MODELO C2185L
2185L-PP;MASC PARTICIPACOES - CAMISA OPER MC - UNIOFFICE 3004 AZ CL - CONF1;C2185L;ITEM INATIVO UTILIZAR MODELO C2185L
2185L-XG;MASC PARTICIPACOES - CAMISA OPER MC - UNIOFFICE 3004 AZ CL - CONF1;C2185L;ITEM INATIVO UTILIZAR MODELO C2185L
2185L-XGG;MASC PARTICIPACOES - CAMISA OPER MC - UNIOFFICE 3004 AZ CL - CONF1;C2185L;ITEM INATIVO UTILIZAR MODELO C2185L
2186L-G;MASCARELLO - CAMISETE OPER MC - UNIOFFICE 3004 AZ CL - CONF1;C2186L;ITEM INATIVO UTILIZAR MODELO C2186L
2186L-GG;MASCARELLO - CAMISETE OPER MC - UNIOFFICE 3004 AZ CL - CONF1;C2186L;ITEM INATIVO UTILIZAR MODELO C2186L
2186L-M;MASCARELLO - CAMISETE OPER MC - UNIOFFICE 3004 AZ CL - CONF1;C2186L;ITEM INATIVO UTILIZAR MODELO C2186L
2186L-P;MASCARELLO - CAMISETE OPER MC - UNIOFFICE 3004 AZ CL - CONF1;C2186L;ITEM INATIVO UTILIZAR MODELO C2186L
2186L-PP;MASCARELLO - CAMISETE OPER MC - UNIOFFICE 3004 AZ CL - CONF1;C2186L;ITEM INATIVO UTILIZAR MODELO C2186L
2186L-XG;MASCARELLO - CAMISETE OPER MC - UNIOFFICE 3004 AZ CL - CONF1;C2186L;ITEM INATIVO UTILIZAR MODELO C2186L
2186L-XGG;MASCARELLO - CAMISETE OPER MC - UNIOFFICE 3004 AZ CL - CONF1;C2186L;ITEM INATIVO UTILIZAR MODELO C2186L
2190L-EXG;CASTERTECH - CAMISA OPER  MASC ML - UNIOFFICE 3033 CINZA - CONF1 - EXG;C2190L;ITEM INATIVO UTILIZAR MODELO C2190L
2190L-G;CASTERTECH - CAMISA OPER  MASC ML - UNIOFFICE 3033 CINZA - CONF1 - G;C2190L;ITEM INATIVO UTILIZAR MODELO C2190L
2190L-GG;CASTERTECH - CAMISA OPER  MASC ML - UNIOFFICE 3033 CINZA - CONF1 - GG;C2190L;ITEM INATIVO UTILIZAR MODELO C2190L
2190L-M;CASTERTECH - CAMISA OPER  MASC ML - UNIOFFICE 3033 CINZA - CONF1 - M;C2190L;ITEM INATIVO UTILIZAR MODELO C2190L
2190L-P;CASTERTECH - CAMISA OPER  MASC ML - UNIOFFICE 3033 CINZA - CONF1 - P;C2190L;ITEM INATIVO UTILIZAR MODELO C2190L
2190L-XG;CASTERTECH - CAMISA OPER  MASC ML - UNIOFFICE 3033 CINZA - CONF1 - XG;C2190L;ITEM INATIVO UTILIZAR MODELO C2190L
2191L-EXG;CASTERTECH - CAMISETE OPER ML - UNIOFFICE 3033 CINZA - CONF1 - EXG;C2191L;ITEM INATIVO UTILIZAR MODELO C2191L
2191L-G;CASTERTECH - CAMISETE OPER ML - UNIOFFICE 3033 CINZA - CONF1 - G;C2191L;ITEM INATIVO UTILIZAR MODELO C2191L
2191L-GG;CASTERTECH - CAMISETE OPER ML - UNIOFFICE 3033 CINZA - CONF1 - GG;C2191L;ITEM INATIVO UTILIZAR MODELO C2191L
2191L-M;CASTERTECH - CAMISETE OPER ML - UNIOFFICE 3033 CINZA - CONF1 - M;C2191L;ITEM INATIVO UTILIZAR MODELO C2191L
2191L-P;CASTERTECH - CAMISETE OPER ML - UNIOFFICE 3033 CINZA - CONF1 - P;C2191L;ITEM INATIVO UTILIZAR MODELO C2191L
2191L-XG;CASTERTECH - CAMISETE OPER ML - UNIOFFICE 3033 CINZA - CONF1 - XG;C2191L;ITEM INATIVO UTILIZAR MODELO C2191L
2192L-EXG;CASTERTECH - CAMISA OPER  MASC MC - UNIOFFICE 3033 CINZA - CONF1 - EXG;C2192L;ITEM INATIVO UTILIZAR MODELO C2192L
2192L-G;CASTERTECH - CAMISA OPER  MASC MC - UNIOFFICE 3033 CINZA - CONF1 - G;C2192L;ITEM INATIVO UTILIZAR MODELO C2192L
2192L-GG;CASTERTECH - CAMISA OPER  MASC MC - UNIOFFICE 3033 CINZA - CONF1 - GG;C2192L;ITEM INATIVO UTILIZAR MODELO C2192L
2192L-M;CASTERTECH - CAMISA OPER  MASC MC - UNIOFFICE 3033 CINZA - CONF1 - M;C2192L;ITEM INATIVO UTILIZAR MODELO C2192L
2192L-P;CASTERTECH - CAMISA OPER  MASC MC - UNIOFFICE 3033 CINZA - CONF1 - P;C2192L;ITEM INATIVO UTILIZAR MODELO C2192L
2192L-XG;CASTERTECH - CAMISA OPER  MASC MC - UNIOFFICE 3033 CINZA - CONF1 - XG;C2192L;ITEM INATIVO UTILIZAR MODELO C2192L
2193L-EXG;CASTERTECH - CAMISETE OPER MC - UNIOFFICE 3033 CINZA - CONF1 - EXG;C2193L;ITEM INATIVO UTILIZAR MODELO C2193L
2193L-G;CASTERTECH - CAMISETE OPER MC - UNIOFFICE 3033 CINZA -  CONF1 - G;C2193L;ITEM INATIVO UTILIZAR MODELO C2193L
2193L-GG;CASTERTECH - CAMISETE OPER MC - UNIOFFICE 3033 CINZA - CONF1 - GG;C2193L;ITEM INATIVO UTILIZAR MODELO C2193L
2193L-M;CASTERTECH - CAMISETE OPER MC - UNIOFFICE 3033 CINZA - CONF1 - M;C2193L;ITEM INATIVO UTILIZAR MODELO C2193L
2193L-P;CASTERTECH - CAMISETE OPER MC - UNIOFFICE 3033 CINZA - CONF1 - P;C2193L;ITEM INATIVO UTILIZAR MODELO C2193L
2193L-XG;CASTERTECH - CAMISETE OPER MC - UNIOFFICE 3033 CINZA - CONF1 - XG;C2193L;ITEM INATIVO UTILIZAR MODELO C2193L
2207L-EXG;COMIL - CAMISA GOLA ITALIANA ML - UNISOFT 1414 AZ RY - CONF1AA;C2207L;ITEM INATIVO UTILIZAR MODELO C2207L
2207L-G;COMIL - CAMISA GOLA ITALIANA ML - UNISOFT 1414 AZ RY - CONF1AA;C2207L;ITEM INATIVO UTILIZAR MODELO C2207L
2207L-GG;COMIL - CAMISA GOLA ITALIANA ML - UNISOFT 1414 AZ RY - CONF1AA;C2207L;ITEM INATIVO UTILIZAR MODELO C2207L
2207L-M;COMIL - CAMISA GOLA ITALIANA ML - UNISOFT 1414 AZ RY - CONF1AA;C2207L;ITEM INATIVO UTILIZAR MODELO C2207L
2207L-P;COMIL - CAMISA GOLA ITALIANA ML - UNISOFT 1414 AZ RY - CONF1AA;C2207L;ITEM INATIVO UTILIZAR MODELO C2207L
2207L-XG;COMIL - CAMISA GOLA ITALIANA ML - UNISOFT 1414 AZ RY - CONF1AA;C2207L;ITEM INATIVO UTILIZAR MODELO C2207L
2207L-XGG;COMIL - CAMISA GOLA ITALIANA ML - UNISOFT 1414 AZ RY - CONF1AA;C2207L;ITEM INATIVO UTILIZAR MODELO C2207L
2291L-EXG;MASCARELLO  - CAMISA OPER MC - UNIOFFICE 3004 AZUL  - CONF1;C2291L;ITEM INATIVO UTILIZAR MODELO C2291L
2291L-EXGG;MASCARELLO  - CAMISA OPER MC - UNIOFFICE 3004 AZUL  - CONF1;C2291L;ITEM INATIVO UTILIZAR MODELO C2291L
2291L-G;MASCARELLO  - CAMISA OPER MC - UNIOFFICE 3004 AZUL  - CONF1;C2291L;ITEM INATIVO UTILIZAR MODELO C2291L
2291L-GG;MASCARELLO  - CAMISA OPER MC - UNIOFFICE 3004 AZUL  - CONF1;C2291L;ITEM INATIVO UTILIZAR MODELO C2291L
2291L-XG;MASCARELLO  - CAMISA OPER MC - UNIOFFICE 3004 AZUL  - CONF1;C2291L;ITEM INATIVO UTILIZAR MODELO C2291L
2291L-XGG;MASCARELLO  - CAMISA OPER MC - UNIOFFICE 3004 AZUL  - CONF1;C2291L;ITEM INATIVO UTILIZAR MODELO C2291L
2291L-XXG;MASCARELLO  - CAMISA OPER MC - UNIOFFICE 3004 AZUL  - CONF1;C2291L;ITEM INATIVO UTILIZAR MODELO C2291L
2292L-EXG;MASCARELLO - CAMISA OPER MC - UNIOFFICE 3013 ERDE  - CONF1;C2292L;ITEM INATIVO UTILIZAR MODELO C2292L
2292L-GG;MASCARELLO - CAMISA OPER MC - UNIOFFICE 3013 ERDE  - CONF1;C2292L;ITEM INATIVO UTILIZAR MODELO C2292L
2292L-M;MASCARELLO - CAMISA OPER MC - UNIOFFICE 3013 ERDE  - CONF1;C2292L;ITEM INATIVO UTILIZAR MODELO C2292L
2292L-P;MASCARELLO - CAMISA OPER MC - UNIOFFICE 3013 ERDE  - CONF1;C2292L;ITEM INATIVO UTILIZAR MODELO C2292L
2292L-XG;MASCARELLO - CAMISA OPER MC - UNIOFFICE 3013 ERDE  - CONF1;C2292L;ITEM INATIVO UTILIZAR MODELO C2292L
2293L-EXG;MASCARELLO - CAMISA OPER MC - UNIOFFICE 3007 LARANJA  - CONF1;C2293L;ITEM INATIVO UTILIZAR MODELO C2293L
2293L-GG;MASCARELLO - CAMISA OPER MC - UNIOFFICE 3007 LARANJA  - CONF1;C2293L;ITEM INATIVO UTILIZAR MODELO C2293L
2293L-M;MASCARELLO - CAMISA OPER MC - UNIOFFICE 3007 LARANJA  - CONF1;C2293L;ITEM INATIVO UTILIZAR MODELO C2293L
2293L-XG;MASCARELLO - CAMISA OPER MC - UNIOFFICE 3007 LARANJA  - CONF1;C2293L;ITEM INATIVO UTILIZAR MODELO C2293L
2294L-EXG;COMIL - CAMISETE OPER MC - UNIOFFICE 3002 CINZA - CONF1;C2294L;ITEM INATIVO UTILIZAR MODELO C2294L
2294L-G;COMIL - CAMISETE OPER MC - UNIOFFICE 3002 CINZA - CONF1;C2294L;ITEM INATIVO UTILIZAR MODELO C2294L
2294L-GG;COMIL - CAMISETE OPER MC - UNIOFFICE 3002 CINZA - CONF1;C2294L;ITEM INATIVO UTILIZAR MODELO C2294L
2294L-M;COMIL - CAMISETE OPER MC - UNIOFFICE 3002 CINZA - CONF1;C2294L;ITEM INATIVO UTILIZAR MODELO C2294L
2294L-P;COMIL - CAMISETE OPER MC - UNIOFFICE 3002 CINZA - CONF1;C2294L;ITEM INATIVO UTILIZAR MODELO C2294L
2294L-XG;COMIL - CAMISETE OPER MC - UNIOFFICE 3002 CINZA - CONF1;C2294L;ITEM INATIVO UTILIZAR MODELO C2294L
2295L-EXG;MASCARELLO - CAMISETE OPER MC - UNIOFFICE 3013 VERDE - CONF1;C2295L;ITEM INATIVO UTILIZAR MODELO C2295L
2295L-G;MASCARELLO - CAMISETE OPER MC - UNIOFFICE 3013 VERDE - CONF1;C2295L;ITEM INATIVO UTILIZAR MODELO C2295L
2295L-GG;MASCARELLO - CAMISETE OPER MC - UNIOFFICE 3013 VERDE - CONF1;C2295L;ITEM INATIVO UTILIZAR MODELO C2295L
2295L-M;MASCARELLO - CAMISETE OPER MC - UNIOFFICE 3013 VERDE - CONF1;C2295L;ITEM INATIVO UTILIZAR MODELO C2295L
2295L-P;MASCARELLO - CAMISETE OPER MC - UNIOFFICE 3013 VERDE - CONF1;C2295L;ITEM INATIVO UTILIZAR MODELO C2295L
2295L-XG;MASCARELLO - CAMISETE OPER MC - UNIOFFICE 3013 VERDE - CONF1;C2295L;ITEM INATIVO UTILIZAR MODELO C2295L
2296L-EXG;MASCARELLO  - CAMISA OPER MC - UNIOFFICE 3002 CINZA  - CONF1;C2296L;ITEM INATIVO UTILIZAR MODELO C2296L
2296L-G;MASCARELLO  - CAMISA OPER MC - UNIOFFICE 3002 CINZA  - CONF1;C2296L;ITEM INATIVO UTILIZAR MODELO C2296L
2296L-GG;MASCARELLO  - CAMISA OPER MC - UNIOFFICE 3002 CINZA  - CONF1;C2296L;ITEM INATIVO UTILIZAR MODELO C2296L
2296L-M;MASCARELLO  - CAMISA OPER MC - UNIOFFICE 3002 CINZA  - CONF1;C2296L;ITEM INATIVO UTILIZAR MODELO C2296L
2296L-P;MASCARELLO  - CAMISA OPER MC - UNIOFFICE 3002 CINZA  - CONF1;C2296L;ITEM INATIVO UTILIZAR MODELO C2296L
2296L-XG;MASCARELLO  - CAMISA OPER MC - UNIOFFICE 3002 CINZA  - CONF1;C2296L;ITEM INATIVO UTILIZAR MODELO C2296L
2297L-EXG;MASCARELLO - CAMISETE OPER MC - UNIOFFICE 3007 LARANJA - CONF1;C2297L;ITEM INATIVO UTILIZAR MODELO C2297L
2297L-G;MASCARELLO - CAMISETE OPER MC - UNIOFFICE 3007 LARANJA - CONF1;C2297L;ITEM INATIVO UTILIZAR MODELO C2297L
2297L-GG;MASCARELLO - CAMISETE OPER MC - UNIOFFICE 3007 LARANJA - CONF1;C2297L;ITEM INATIVO UTILIZAR MODELO C2297L
2297L-M;MASCARELLO - CAMISETE OPER MC - UNIOFFICE 3007 LARANJA - CONF1;C2297L;ITEM INATIVO UTILIZAR MODELO C2297L
2297L-P;MASCARELLO - CAMISETE OPER MC - UNIOFFICE 3007 LARANJA - CONF1;C2297L;ITEM INATIVO UTILIZAR MODELO C2297L
2297L-XG;MASCARELLO - CAMISETE OPER MC - UNIOFFICE 3007 LARANJA - CONF1;C2297L;ITEM INATIVO UTILIZAR MODELO C2297L
2298L-EXG;MASCARELLO - CAMISETE OPER MC - UNIOFFICE 3004 AZUL - CONF1;C2298L;ITEM INATIVO UTILIZAR MODELO C2298L
2298L-G;MASCARELLO - CAMISETE OPER MC - UNIOFFICE 3004 AZUL - CONF1;C2298L;ITEM INATIVO UTILIZAR MODELO C2298L
2298L-GG;MASCARELLO - CAMISETE OPER MC - UNIOFFICE 3004 AZUL - CONF1;C2298L;ITEM INATIVO UTILIZAR MODELO C2298L
2298L-M;MASCARELLO - CAMISETE OPER MC - UNIOFFICE 3004 AZUL - CONF1;C2298L;ITEM INATIVO UTILIZAR MODELO C2298L
2298L-XGG;MASCARELLO - CAMISETE OPER MC - UNIOFFICE 3004 AZUL - CONF1;C2298L;ITEM INATIVO UTILIZAR MODELO C2298L
2307L-EGG;COMIL - CAMISA OPER MC - UNIOFFICE 3004 AZUL - CONF1;C2307L;ITEM INATIVO UTILIZAR MODELO C2307L
2307L-EXG;COMIL - CAMISA OPER MC - UNIOFFICE 3004 AZUL - CONF1;C2307L;ITEM INATIVO UTILIZAR MODELO C2307L
2307L-G;COMIL - CAMISA OPER MC - UNIOFFICE 3004 AZUL - CONF1;C2307L;ITEM INATIVO UTILIZAR MODELO C2307L
2307L-GG;COMIL - CAMISA OPER MC - UNIOFFICE 3004 AZUL - CONF1;C2307L;ITEM INATIVO UTILIZAR MODELO C2307L
2307L-M;COMIL - CAMISA OPER MC - UNIOFFICE 3004 AZUL - CONF1;C2307L;ITEM INATIVO UTILIZAR MODELO C2307L
2307L-P;COMIL - CAMISA OPER MC - UNIOFFICE 3004 AZUL - CONF1;C2307L;ITEM INATIVO UTILIZAR MODELO C2307L
2307L-PP;COMIL - CAMISA OPER MC - UNIOFFICE 3004 AZUL - CONF1;C2307L;ITEM INATIVO UTILIZAR MODELO C2307L
2307L-XG;COMIL - CAMISA OPER MC - UNIOFFICE 3004 AZUL - CONF1;C2307L;ITEM INATIVO UTILIZAR MODELO C2307L
2308L-EXG;COMIL - CAMISA OPER MC - UNIOFFICE 3013 VERDE - CONF1;C2308L;ITEM INATIVO UTILIZAR MODELO C2308L
2308L-G;COMIL - CAMISA OPER MC - UNIOFFICE 3013 VERDE - CONF1;C2308L;ITEM INATIVO UTILIZAR MODELO C2308L
2308L-GG;COMIL - CAMISA OPER MC - UNIOFFICE 3013 VERDE - CONF1;C2308L;ITEM INATIVO UTILIZAR MODELO C2308L
2308L-M;COMIL - CAMISA OPER MC - UNIOFFICE 3013 VERDE - CONF1;C2308L;ITEM INATIVO UTILIZAR MODELO C2308L
2308L-P;COMIL - CAMISA OPER MC - UNIOFFICE 3013 VERDE - CONF1;C2308L;ITEM INATIVO UTILIZAR MODELO C2308L
2308L-XG;COMIL - CAMISA OPER MC - UNIOFFICE 3013 VERDE - CONF1;C2308L;ITEM INATIVO UTILIZAR MODELO C2308L
2309L-EXG;COMIL - CAMISA OPER MC - UNIOFFICE 3007 LARANJA - CONF1;C2309L;ITEM INATIVO UTILIZAR MODELO C2309L
2309L-G;COMIL - CAMISA OPER MC - UNIOFFICE 3007 LARANJA - CONF1;C2309L;ITEM INATIVO UTILIZAR MODELO C2309L
2309L-GG;COMIL - CAMISA OPER MC - UNIOFFICE 3007 LARANJA - CONF1;C2309L;ITEM INATIVO UTILIZAR MODELO C2309L
2309L-M;COMIL - CAMISA OPER MC - UNIOFFICE 3007 LARANJA - CONF1;C2309L;ITEM INATIVO UTILIZAR MODELO C2309L
2309L-P;COMIL - CAMISA OPER MC - UNIOFFICE 3007 LARANJA - CONF1;C2309L;ITEM INATIVO UTILIZAR MODELO C2309L
2309L-PP;COMIL - CAMISA OPER MC - UNIOFFICE 3007 LARANJA - CONF1;C2309L;ITEM INATIVO UTILIZAR MODELO C2309L
2309L-XG;COMIL - CAMISA OPER MC - UNIOFFICE 3007 LARANJA - CONF1;C2309L;ITEM INATIVO UTILIZAR MODELO C2309L
2310L-EGG;COMIL - CAMISETE OPER MC - UNIOFFICE 3004 AZUL - CONF1;C2310L;ITEM INATIVO UTILIZAR MODELO C2310L
2310L-EXG;COMIL - CAMISETE OPER MC - UNIOFFICE 3004 AZUL - CONF1;C2310L;ITEM INATIVO UTILIZAR MODELO C2310L
2310L-G;COMIL - CAMISETE OPER MC - UNIOFFICE 3004 AZUL - CONF1;C2310L;ITEM INATIVO UTILIZAR MODELO C2310L
2310L-GG;COMIL - CAMISETE OPER MC - UNIOFFICE 3004 AZUL - CONF1;C2310L;ITEM INATIVO UTILIZAR MODELO C2310L
2310L-M;COMIL - CAMISETE OPER MC - UNIOFFICE 3004 AZUL - CONF1;C2310L;ITEM INATIVO UTILIZAR MODELO C2310L
2310L-P;COMIL - CAMISETE OPER MC - UNIOFFICE 3004 AZUL - CONF1;C2310L;ITEM INATIVO UTILIZAR MODELO C2310L
2310L-PP;COMIL - CAMISETE OPER MC - UNIOFFICE 3004 AZUL - CONF1;C2310L;ITEM INATIVO UTILIZAR MODELO C2310L
2310L-XG;COMIL - CAMISETE OPER MC - UNIOFFICE 3004 AZUL - CONF1;C2310L;ITEM INATIVO UTILIZAR MODELO C2310L
2311L-EXG;COMIL - CAMISETE OPER MC - QUALIDADE - UNIOFFICE 3007 LARANJA - CONF1;C2311L;ITEM INATIVO UTILIZAR MODELO C2311L
2311L-G;COMIL - CAMISETE OPER MC - QUALIDADE - UNIOFFICE 3007 LARANJA - CONF1;C2311L;ITEM INATIVO UTILIZAR MODELO C2311L
2311L-GG;COMIL - CAMISETE OPER MC - QUALIDADE - UNIOFFICE 3007 LARANJA - CONF1;C2311L;ITEM INATIVO UTILIZAR MODELO C2311L
2311L-M;COMIL - CAMISETE OPER MC - QUALIDADE - UNIOFFICE 3007 LARANJA - CONF1;C2311L;ITEM INATIVO UTILIZAR MODELO C2311L
2311L-P;COMIL - CAMISETE OPER MC - QUALIDADE - UNIOFFICE 3007 LARANJA - CONF1;C2311L;ITEM INATIVO UTILIZAR MODELO C2311L
2311L-XG;COMIL - CAMISETE OPER MC - QUALIDADE - UNIOFFICE 3007 LARANJA - CONF1;C2311L;ITEM INATIVO UTILIZAR MODELO C2311L
2312L-EXG;COMIL - CAMISA OPER MC - UNIOFFICE 3002 CINZA - CONF1;C2312L;ITEM INATIVO UTILIZAR MODELO C2312L
2312L-G;COMIL - CAMISA OPER MC - UNIOFFICE 3002 CINZA - CONF1;C2312L;ITEM INATIVO UTILIZAR MODELO C2312L
2312L-GG;COMIL - CAMISA OPER MC - UNIOFFICE 3002 CINZA - CONF1;C2312L;ITEM INATIVO UTILIZAR MODELO C2312L
2312L-M;COMIL - CAMISA OPER MC - UNIOFFICE 3002 CINZA - CONF1;C2312L;ITEM INATIVO UTILIZAR MODELO C2312L
2312L-P;COMIL - CAMISA OPER MC - UNIOFFICE 3002 CINZA - CONF1;C2312L;ITEM INATIVO UTILIZAR MODELO C2312L
2312L-XG;COMIL - CAMISA OPER MC - UNIOFFICE 3002 CINZA - CONF1;C2312L;ITEM INATIVO UTILIZAR MODELO C2312L
2313L-EXG;COMIL - CAMISETE OPER MC - UNIOFFICE 3013 VERDE - CONF1;C2313L;ITEM INATIVO UTILIZAR MODELO C2313L
2313L-G;COMIL - CAMISETE OPER MC - UNIOFFICE 3013 VERDE - CONF1;C2313L;ITEM INATIVO UTILIZAR MODELO C2313L
2313L-GG;COMIL - CAMISETE OPER MC - UNIOFFICE 3013 VERDE - CONF1;C2313L;ITEM INATIVO UTILIZAR MODELO C2313L
2313L-M;COMIL - CAMISETE OPER MC - UNIOFFICE 3013 VERDE - CONF1;C2313L;ITEM INATIVO UTILIZAR MODELO C2313L
2313L-P;COMIL - CAMISETE OPER MC - UNIOFFICE 3013 VERDE - CONF1;C2313L;ITEM INATIVO UTILIZAR MODELO C2313L
2313L-XG;COMIL - CAMISETE OPER MC - UNIOFFICE 3013 VERDE - CONF1;C2313L;ITEM INATIVO UTILIZAR MODELO C2313L
2314L-EXG;COMIL - CAMISETE OPER MC - UNIOFFICE 3002 CINZA - CONF1;C2314L;ITEM INATIVO UTILIZAR MODELO C2314L
2314L-G;COMIL - CAMISETE OPER MC - UNIOFFICE 3002 CINZA - CONF1;C2314L;ITEM INATIVO UTILIZAR MODELO C2314L
2314L-GG;COMIL - CAMISETE OPER MC - UNIOFFICE 3002 CINZA - CONF1;C2314L;ITEM INATIVO UTILIZAR MODELO C2314L
2314L-M;COMIL - CAMISETE OPER MC - UNIOFFICE 3002 CINZA - CONF1;C2314L;ITEM INATIVO UTILIZAR MODELO C2314L
2314L-P;COMIL - CAMISETE OPER MC - UNIOFFICE 3002 CINZA - CONF1;C2314L;ITEM INATIVO UTILIZAR MODELO C2314L
2314L-PP;COMIL - CAMISETE OPER MC - UNIOFFICE 3002 CINZA - CONF1;C2314L;ITEM INATIVO UTILIZAR MODELO C2314L
2314L-XG;COMIL - CAMISETE OPER MC - UNIOFFICE 3002 CINZA - CONF1;C2314L;ITEM INATIVO UTILIZAR MODELO C2314L
2395L-EXG;SUSPENSYS - CAMISA ADM MASC ML - DOPFIL 004-9120 CUMBO - CONF1 - EXG;C2395L;ITEM INATIVO UTILIZAR MODELO C2395L
2395L-G;SUSPENSYS - CAMISA ADM MASC ML - DOPFIL 004-9120 CUMBO - CONF1 - G;C2395L;ITEM INATIVO UTILIZAR MODELO C2395L
2395L-GG;SUSPENSYS - CAMISA ADM MASC ML - DOPFIL 004-9120 CUMBO - CONF1 - GG;C2395L;ITEM INATIVO UTILIZAR MODELO C2395L
2395L-M;SUSPENSYS - CAMISA ADM MASC ML - DOPFIL 004-9120 CUMBO - CONF1 - M;C2395L;ITEM INATIVO UTILIZAR MODELO C2395L
2395L-P;SUSPENSYS - CAMISA ADM MASC ML - DOPFIL 004-9120 CUMBO - CONF1 - P;C2395L;ITEM INATIVO UTILIZAR MODELO C2395L
2395L-XG;SUSPENSYS - CAMISA ADM MASC ML - DOPFIL 004-9120 CUMBO - CONF1 - XG;C2395L;ITEM INATIVO UTILIZAR MODELO C2395L
2406L-EXG;COMIL - CAMISA OPER ML - UNIOFFICE 3004 AZUL - CONF1;C2406L;ITEM INATIVO UTILIZAR MODELO C2406L
2406L-G;COMIL - CAMISA OPER ML - UNIOFFICE 3004 AZUL - CONF1;C2406L;ITEM INATIVO UTILIZAR MODELO C2406L
2406L-GG;COMIL - CAMISA OPER ML - UNIOFFICE 3004 AZUL - CONF1;C2406L;ITEM INATIVO UTILIZAR MODELO C2406L
2406L-M;COMIL - CAMISA OPER ML - UNIOFFICE 3004 AZUL - CONF1;C2406L;ITEM INATIVO UTILIZAR MODELO C2406L
2406L-P;COMIL - CAMISA OPER ML - UNIOFFICE 3004 AZUL - CONF1;C2406L;ITEM INATIVO UTILIZAR MODELO C2406L
2406L-XG;COMIL - CAMISA OPER ML - UNIOFFICE 3004 AZUL - CONF1;C2406L;ITEM INATIVO UTILIZAR MODELO C2406L
2407L-EXG;COMIL -  CAMISA SOC OPE ML - TRICOLI  IBIZA 003-001 - SETOR ADM -CONF1;C2407L;ITEM INATIVO UTILIZAR MODELO C2407L
2407L-G;COMIL -  CAMISA SOC OPE ML - TRICOLI  IBIZA 003-001 - SETOR ADM -CONF1;C2407L;ITEM INATIVO UTILIZAR MODELO C2407L
2407L-GG;COMIL -  CAMISA SOC OPE ML - TRICOLI  IBIZA 003-001 - SETOR ADM -CONF1;C2407L;ITEM INATIVO UTILIZAR MODELO C2407L
2407L-M;COMIL -  CAMISA SOC OPE ML - TRICOLI  IBIZA 003-001 - SETOR ADM -CONF1;C2407L;ITEM INATIVO UTILIZAR MODELO C2407L
2407L-P;COMIL -  CAMISA SOC OPE ML - TRICOLI  IBIZA 003-001 - SETOR ADM -CONF1;C2407L;ITEM INATIVO UTILIZAR MODELO C2407L
2407L-XG;COMIL -  CAMISA SOC OPE ML - TRICOLI  IBIZA 003-001 - SETOR ADM -CONF1;C2407L;ITEM INATIVO UTILIZAR MODELO C2407L
2418L-EXG;COMIL -  CAMISA OPER ML - COMERCIAL - LONDON 004-1428 AZUL - CONF1;C2418L;ITEM INATIVO UTILIZAR MODELO C2418L
2418L-G;COMIL -  CAMISA OPER ML - COMERCIAL - LONDON 004-1428 AZUL - CONF1;C2418L;ITEM INATIVO UTILIZAR MODELO C2418L
2418L-GG;COMIL -  CAMISA OPER ML - COMERCIAL - LONDON 004-1428 AZUL - CONF1;C2418L;ITEM INATIVO UTILIZAR MODELO C2418L
2418L-M;COMIL -  CAMISA OPER ML - COMERCIAL - LONDON 004-1428 AZUL - CONF1;C2418L;ITEM INATIVO UTILIZAR MODELO C2418L
2418L-P;COMIL -  CAMISA OPER ML - COMERCIAL - LONDON 004-1428 AZUL - CONF1;C2418L;ITEM INATIVO UTILIZAR MODELO C2418L
2418L-PP;COMIL -  CAMISA OPER ML - COMERCIAL - LONDON 004-1428 AZUL - CONF1;C2418L;ITEM INATIVO UTILIZAR MODELO C2418L
2418L-XG;COMIL -  CAMISA OPER ML - COMERCIAL - LONDON 004-1428 AZUL - CONF1;C2418L;ITEM INATIVO UTILIZAR MODELO C2418L
2475L-EXG;COMIL - CAMISA OPER ML - UNIOFFICE 3002 CINZA - CONF1;C2475L;ITEM INATIVO UTILIZAR MODELO C2475L
2475L-G;COMIL - CAMISA OPER ML - UNIOFFICE 3002 CINZA - CONF1;C2475L;ITEM INATIVO UTILIZAR MODELO C2475L
2475L-GG;COMIL - CAMISA OPER ML - UNIOFFICE 3002 CINZA - CONF1;C2475L;ITEM INATIVO UTILIZAR MODELO C2475L
2475L-M;COMIL - CAMISA OPER ML - UNIOFFICE 3002 CINZA - CONF1;C2475L;ITEM INATIVO UTILIZAR MODELO C2475L
2475L-P;COMIL - CAMISA OPER ML - UNIOFFICE 3002 CINZA - CONF1;C2475L;ITEM INATIVO UTILIZAR MODELO C2475L
2475L-XG;COMIL - CAMISA OPER ML - UNIOFFICE 3002 CINZA - CONF1;C2475L;ITEM INATIVO UTILIZAR MODELO C2475L
2477L-G;MASCARELLO -  CAMISA SOC OP ML - UNIOFFICE 3004 AZ - SETOR ADM - CONF1;C2477L;ITEM INATIVO UTILIZAR MODELO C2477L
2477L-GG;MASCARELLO -  CAMISA SOC OP ML - UNIOFFICE 3004 AZ - SETOR ADM - CONF1;C2477L;ITEM INATIVO UTILIZAR MODELO C2477L
2477L-P;MASCARELLO -  CAMISA SOC OP ML - UNIOFFICE 3004 AZ - SETOR ADM - CONF1;C2477L;ITEM INATIVO UTILIZAR MODELO C2477L
2477L-XG;MASCARELLO -  CAMISA SOC OP ML - UNIOFFICE 3004 AZ - SETOR ADM - CONF1;C2477L;ITEM INATIVO UTILIZAR MODELO C2477L
2478L-EXG;MASCARELLO  - CAMISA OPER ML - TRICOLINE IBIZA 003-001 BRANCO - CONF1;C2478L;ITEM INATIVO UTILIZAR MODELO C2478L
2478L-G;MASCARELLO  - CAMISA OPER ML - TRICOLINE IBIZA 003-001 BRANCO - CONF1;C2478L;ITEM INATIVO UTILIZAR MODELO C2478L
2478L-GG;MASCARELLO  - CAMISA OPER ML - TRICOLINE IBIZA 003-001 BRANCO - CONF1;C2478L;ITEM INATIVO UTILIZAR MODELO C2478L
2478L-P;MASCARELLO  - CAMISA OPER ML - TRICOLINE IBIZA 003-001 BRANCO - CONF1;C2478L;ITEM INATIVO UTILIZAR MODELO C2478L
2478L-XG;MASCARELLO  - CAMISA OPER ML - TRICOLINE IBIZA 003-001 BRANCO - CONF1;C2478L;ITEM INATIVO UTILIZAR MODELO C2478L
2494L-EXG;MASCARELLO - CAMISA GOLA ITALIANA ML - UNISOFT 1414 AZ RY - CONF1;C2494L;ITEM INATIVO UTILIZAR MODELO C2494L
2494L-EXGG;MASCARELLO - CAMISA GOLA ITALIANA ML - UNISOFT 1414 AZ RY - CONF1;C2494L;ITEM INATIVO UTILIZAR MODELO C2494L
2494L-G;MASCARELLO - CAMISA GOLA ITALIANA ML - UNISOFT 1414 AZ RY - CONF1;C2494L;ITEM INATIVO UTILIZAR MODELO C2494L
2494L-GG;MASCARELLO - CAMISA GOLA ITALIANA ML - UNISOFT 1414 AZ RY - CONF1;C2494L;ITEM INATIVO UTILIZAR MODELO C2494L
2494L-M;MASCARELLO - CAMISA GOLA ITALIANA ML - UNISOFT 1414 AZ RY - CONF1;C2494L;ITEM INATIVO UTILIZAR MODELO C2494L
2494L-P;MASCARELLO - CAMISA GOLA ITALIANA ML - UNISOFT 1414 AZ RY - CONF1;C2494L;ITEM INATIVO UTILIZAR MODELO C2494L
2494L-XG;MASCARELLO - CAMISA GOLA ITALIANA ML - UNISOFT 1414 AZ RY - CONF1;C2494L;ITEM INATIVO UTILIZAR MODELO C2494L
2529L-EXG;SUSPENSYS - CAMISETE ADM ML - DOPFIL 004-9120 CUMBO - CONF1 - EXG;C2529L;ITEM INATIVO UTILIZAR MODELO C2529L
2529L-G;SUSPENSYS - CAMISETE ADM ML - DOPFIL 004-9120 CUMBO - CONF1 - G;C2529L;ITEM INATIVO UTILIZAR MODELO C2529L
2529L-GG;SUSPENSYS - CAMISETE ADM ML - DOPFIL 004-9120 CUMBO - CONF1 - GG;C2529L;ITEM INATIVO UTILIZAR MODELO C2529L
2529L-M;SUSPENSYS - CAMISETE ADM ML - DOPFIL 004-9120 CUMBO - CONF1 - M;C2529L;ITEM INATIVO UTILIZAR MODELO C2529L
2529L-P;SUSPENSYS - CAMISETE ADM ML - DOPFIL 004-9120 CUMBO - CONF1 - P;C2529L;ITEM INATIVO UTILIZAR MODELO C2529L
2529L-XG;SUSPENSYS - CAMISETE ADM ML - DOPFIL 004-9120 CUMBO - CONF1 - XG;C2529L;ITEM INATIVO UTILIZAR MODELO C2529L
2626H-G;SCHNEIDER - CAMISA ABERTA ML - UNILEVE 1009 CINZA - CONF1;C2626H;ITEM INATIVO UTILIZAR MODELO C2626H
2626H-GG;SCHNEIDER - CAMISA ABERTA ML - UNILEVE 1009 CINZA - CONF1;C2626H;ITEM INATIVO UTILIZAR MODELO C2626H
2626H-M;SCHNEIDER - CAMISA ABERTA ML - UNILEVE 1009 CINZA - CONF1;C2626H;ITEM INATIVO UTILIZAR MODELO C2626H
2626H-P;SCHNEIDER - CAMISA ABERTA ML - UNILEVE 1009 CINZA - CONF1;C2626H;ITEM INATIVO UTILIZAR MODELO C2626H
2626H-XGG;SCHNEIDER - CAMISA ABERTA ML - UNILEVE 1009 CINZA - CONF1;C2626H;ITEM INATIVO UTILIZAR MODELO C2626H
2667H-G;FRAS LE  - CAMISA OPER  MASC ML - DOPFIL 004-9115  CINZA - CONF1AA - G;C2667H;ITEM INATIVO UTILIZAR MODELO C2667H
2667H-GG;FRAS LE  - CAMISA OPER  MASC ML - DOPFIL 004-9115  CINZ - CONF1AA - GG;C2667H;ITEM INATIVO UTILIZAR MODELO C2667H
2667H-M;FRAS LE  - CAMISA OPER  MASC ML - DOPFIL 004-9115  CINZA - CONF1AA - M;C2667H;ITEM INATIVO UTILIZAR MODELO C2667H
2667H-P;FRAS LE  - CAMISA OPER  MASC ML - DOPFIL 004-9115  CINZA - CONF1AA - P;C2667H;ITEM INATIVO UTILIZAR MODELO C2667H
2667H-XG;FRAS LE  - CAMISA OPER  MASC ML - DOPFIL 004-9115  CINZ - CONF1AA - XG;C2667H;ITEM INATIVO UTILIZAR MODELO C2667H
2670H-EXG;RANDON IMP - CAMISA OPER ML - DOPFIL 004-9115  CINZA - CONF1AA - EXG;C2670H;ITEM INATIVO UTILIZAR MODELO C2670H
2670H-G;RANDON IMP - CAMISA OPER ML - DOPFIL 004-9115  CINZA - CONF1AA - G;C2670H;ITEM INATIVO UTILIZAR MODELO C2670H
2670H-GG;RANDON IMP - CAMISA OPER ML - DOPFIL 004-9115  CINZA - CONF1AA - GG;C2670H;ITEM INATIVO UTILIZAR MODELO C2670H
2670H-M;RANDON IMP - CAMISA OPER ML - DOPFIL 004-9115  CINZA - CONF1AA - M;C2670H;ITEM INATIVO UTILIZAR MODELO C2670H
2670H-P;RANDON IMP - CAMISA OPER ML - DOPFIL 004-9115  CINZA - CONF1AA - P;C2670H;ITEM INATIVO UTILIZAR MODELO C2670H
2670H-XG;RANDON IMP - CAMISA OPER ML - DOPFIL 004-9115  CINZA - CONF1AA - XG;C2670H;ITEM INATIVO UTILIZAR MODELO C2670H
2746J-EXG;RANDON - CAMISA ADM MASC ML - DOPFIL 004-9120 CUMBO - CONF1 - EXG;C2746J;ITEM INATIVO UTILIZAR MODELO C2746J
2746J-G;RANDON - CAMISA ADM MASC ML - DOPFIL 004-9120 CUMBO - CONF1 - G;C2746J;ITEM INATIVO UTILIZAR MODELO C2746J
2746J-GG;RANDON - CAMISA ADM MASC ML - DOPFIL 004-9120 CUMBO - CONF1 - GG;C2746J;ITEM INATIVO UTILIZAR MODELO C2746J
2746J-M;RANDON - CAMISA ADM MASC ML - DOPFIL 004-9120 CUMBO - CONF1 - M;C2746J;ITEM INATIVO UTILIZAR MODELO C2746J
2746J-P;RANDON - CAMISA ADM MASC ML - DOPFIL 004-9120 CUMBO - CONF1 - P;C2746J;ITEM INATIVO UTILIZAR MODELO C2746J
2746J-XG;RANDON - CAMISA ADM MASC ML - DOPFIL 004-9120 CUMBO - CONF1 - XG;C2746J;ITEM INATIVO UTILIZAR MODELO C2746J
2747J-G;RANDON - CAMISETE ADM MASC ML - DOPFIL 004-9120 CUMBO - CONF1 - G;C2747J;ITEM INATIVO UTILIZAR MODELO C2747J
2747J-GG;RANDON - CAMISETE ADM MASC ML - DOPFIL 004-9120 CUMBO - CONF1 - GG;C2747J;ITEM INATIVO UTILIZAR MODELO C2747J
2747J-M;RANDON - CAMISETE ADM MASC ML - DOPFIL 004-9120 CUMBO - CONF1 - M;C2747J;ITEM INATIVO UTILIZAR MODELO C2747J
2747J-P;RANDON - CAMISETE ADM MASC ML - DOPFIL 004-9120 CUMBO - CONF1 - P;C2747J;ITEM INATIVO UTILIZAR MODELO C2747J
2747J-XG;RANDON - CAMISETE ADM MASC ML - DOPFIL 004-9120 CUMBO - CONF1 - XG;C2747J;ITEM INATIVO UTILIZAR MODELO C2747J
2756H-EXG;SUSPENSYS - CAMISA SOCIAL OPER ML - DOPFIL 004-9115 CZ - CONF1AA - EXG;C2756H;ITEM INATIVO UTILIZAR MODELO C2756H
2756H-G;SUSPENSYS - CAMISA SOCIAL OPER ML - DOPFIL 004-9115 CZ - CONF1AA - G;C2756H;ITEM INATIVO UTILIZAR MODELO C2756H
2756H-GG;SUSPENSYS - CAMISA SOCIAL OPER ML - DOPFIL 004-9115 CZ - CONF1AA - GG;C2756H;ITEM INATIVO UTILIZAR MODELO C2756H
2756H-M;SUSPENSYS - CAMISA SOCIAL OPER ML - DOPFIL 004-9115 CZ - CONF1AA - M;C2756H;ITEM INATIVO UTILIZAR MODELO C2756H
2756H-P;SUSPENSYS - CAMISA SOCIAL OPER ML - DOPFIL 004-9115 CZ - CONF1AA - P;C2756H;ITEM INATIVO UTILIZAR MODELO C2756H
2756H-XG;SUSPENSYS - CAMISA SOCIAL OPER ML - DOPFIL 004-9115 CZ - CONF1AA - XG;C2756H;ITEM INATIVO UTILIZAR MODELO C2756H
2775L-EXG;MASCARELLO -  CAMISA OPER ML - COMERCIAL -LONDON 004-1428 AZUL - CONF1;C2775L;ITEM INATIVO UTILIZAR MODELO C2775L
2775L-G;MASCARELLO -  CAMISA OPER ML - COMERCIAL -LONDON 004-1428 AZUL - CONF1;C2775L;ITEM INATIVO UTILIZAR MODELO C2775L
2775L-GG;MASCARELLO -  CAMISA OPER ML - COMERCIAL -LONDON 004-1428 AZUL - CONF1;C2775L;ITEM INATIVO UTILIZAR MODELO C2775L
2775L-M;MASCARELLO -  CAMISA OPER ML - COMERCIAL -LONDON 004-1428 AZUL - CONF1;C2775L;ITEM INATIVO UTILIZAR MODELO C2775L
2775L-P;MASCARELLO -  CAMISA OPER ML - COMERCIAL -LONDON 004-1428 AZUL - CONF1;C2775L;ITEM INATIVO UTILIZAR MODELO C2775L
2775L-XG;MASCARELLO -  CAMISA OPER ML - COMERCIAL -LONDON 004-1428 AZUL - CONF1;C2775L;ITEM INATIVO UTILIZAR MODELO C2775L
2830L-EXG;FRASLE - CAMISA RETARD CHAMAS ML - UNISAFE SLIM 1009 CZ - CONF1;C2830L;ITEM INATIVO UTILIZAR MODELO C2830L
2830L-G;FRASLE - CAMISA RETARD CHAMAS ML - UNISAFE SLIM 1009 CZ - CONF1;C2830L;ITEM INATIVO UTILIZAR MODELO C2830L
2830L-GG;FRASLE - CAMISA RETARD CHAMAS ML - UNISAFE SLIM 1009 CZ - CONF1;C2830L;ITEM INATIVO UTILIZAR MODELO C2830L
2830L-M;FRASLE - CAMISA RETARD CHAMAS ML - UNISAFE SLIM 1009 CZ - CONF1;C2830L;ITEM INATIVO UTILIZAR MODELO C2830L
2830L-P;FRASLE - CAMISA RETARD CHAMAS ML - UNISAFE SLIM 1009 CZ - CONF1;C2830L;ITEM INATIVO UTILIZAR MODELO C2830L
2830L-XG;FRASLE - CAMISA RETARD CHAMAS ML - UNISAFE SLIM 1009 CZ - CONF1;C2830L;ITEM INATIVO UTILIZAR MODELO C2830L
2831L-EXG;FRASLE - CAMISA RETARD CHAMAS ML - UNISAFE SLIM 1009 CZ - CONF1;C2831L;ITEM INATIVO UTILIZAR MODELO C2831L
2831L-G;FRASLE - CAMISA RETARD CHAMAS ML - UNISAFE SLIM 1009 CZ - CONF1;C2831L;ITEM INATIVO UTILIZAR MODELO C2831L
2831L-GG;FRASLE - CAMISA RETARD CHAMAS ML - UNISAFE SLIM 1009 CZ - CONF1;C2831L;ITEM INATIVO UTILIZAR MODELO C2831L
2831L-M;FRASLE - CAMISA RETARD CHAMAS ML - UNISAFE SLIM 1009 CZ - CONF1;C2831L;ITEM INATIVO UTILIZAR MODELO C2831L
2831L-P;FRASLE - CAMISA RETARD CHAMAS ML - UNISAFE SLIM 1009 CZ - CONF1;C2831L;ITEM INATIVO UTILIZAR MODELO C2831L
2831L-XG;FRASLE - CAMISA RETARD CHAMAS ML - UNISAFE SLIM 1009 CZ - CONF1;C2831L;ITEM INATIVO UTILIZAR MODELO C2831L
2993L-EXG;RANDON - CAMISA RETARD CHAMAS ML - UNIFORTE FR 1009 CZ - CONF1;C2993L;ITEM INATIVO UTILIZAR MODELO C2993L
2993L-G;RANDON - CAMISA RETARD CHAMAS ML - UNIFORTE FR 1009 CZ - CONF1;C2993L;ITEM INATIVO UTILIZAR MODELO C2993L
2993L-GG;RANDON - CAMISA RETARD CHAMAS ML - UNIFORTE FR 1009 CZ - CONF1;C2993L;ITEM INATIVO UTILIZAR MODELO C2993L
2993L-M;RANDON - CAMISA RETARD CHAMAS ML - UNIFORTE FR 1009 CZ - CONF1;C2993L;ITEM INATIVO UTILIZAR MODELO C2993L
2993L-P;RANDON - CAMISA RETARD CHAMAS ML - UNIFORTE FR 1009 CZ - CONF1;C2993L;ITEM INATIVO UTILIZAR MODELO C2993L
2993L-XG;RANDON - CAMISA RETARD CHAMAS ML - UNIFORTE FR 1009 CZ - CONF1;C2993L;ITEM INATIVO UTILIZAR MODELO C2993L
3080I-EXGG;CASTERTECH - JALECO ML - UNISOFT 1012 LARANJA - CONF1AA;C3080I;ITEM INATIVO UTILIZAR MODELO C3080I
3080I-G;CASTERTECH - JALECO ML - UNISOFT 1012 LARANJA - CONF1AA;C3080I;ITEM INATIVO UTILIZAR MODELO C3080I
3080I-GG;CASTERTECH - JALECO ML - UNISOFT 1012 LARANJA - CONF1AA;C3080I;ITEM INATIVO UTILIZAR MODELO C3080I
3080I-M;CASTERTECH - JALECO ML - UNISOFT 1012 LARANJA - CONF1AA;C3080I;ITEM INATIVO UTILIZAR MODELO C3080I
3080I-P;CASTERTECH - JALECO ML - UNISOFT 1012 LARANJA - CONF1AA;C3080I;ITEM INATIVO UTILIZAR MODELO C3080I
3080I-XG;CASTERTECH - JALECO ML - UNISOFT 1012 LARANJA - CONF1AA;C3080I;ITEM INATIVO UTILIZAR MODELO C3080I
3118J-EXG;RANDON - JALECO ML - UNILEVE 1012 LARANJA - CONF1 - EXG;C3118J;ITEM INATIVO UTILIZAR MODELO C3118J
3118J-EXGG;RANDON - JALECO ML - UNILEVE 1012 LARANJA - CONF1 - EXGG;C3118J;ITEM INATIVO UTILIZAR MODELO C3118J
3118J-G;RANDON - JALECO ML - UNILEVE 1012 LARANJA - CONF1 - G;C3118J;ITEM INATIVO UTILIZAR MODELO C3118J
3118J-GG;RANDON - JALECO ML - UNILEVE 1012 LARANJA - CONF1 - GG;C3118J;ITEM INATIVO UTILIZAR MODELO C3118J
3118J-M;RANDON - JALECO ML - UNILEVE 1012 LARANJA - CONF1 - M;C3118J;ITEM INATIVO UTILIZAR MODELO C3118J
3118J-P;RANDON - JALECO ML - UNILEVE 1012 LARANJA - CONF1 - P;C3118J;ITEM INATIVO UTILIZAR MODELO C3118J
3118J-XG;RANDON - JALECO ML - UNILEVE 1012 LARANJA - CONF1 - XG;C3118J;ITEM INATIVO UTILIZAR MODELO C3118J
3236H-EXG;SUSPENSYS - JALECO ML - UNILEVE 1003 AZUL - CONF1AA - EXG;C3236H;ITEM INATIVO UTILIZAR MODELO C3236H
3236H-G;SUSPENSYS - JALECO ML - UNILEVE 1003 AZUL - CONF1AA - G;C3236H;ITEM INATIVO UTILIZAR MODELO C3236H
3236H-GG;SUSPENSYS - JALECO ML - UNILEVE 1003 AZUL - CONF1AA - GG;C3236H;ITEM INATIVO UTILIZAR MODELO C3236H
3236H-M;SUSPENSYS - JALECO ML - UNILEVE 1003 AZUL - CONF1AA - M;C3236H;ITEM INATIVO UTILIZAR MODELO C3236H
3236H-P;SUSPENSYS - JALECO ML - UNILEVE 1003 AZUL - CONF1AA - P;C3236H;ITEM INATIVO UTILIZAR MODELO C3236H
3236H-XG;SUSPENSYS - JALECO ML - UNILEVE 1003 AZUL - CONF1AA - XG;C3236H;ITEM INATIVO UTILIZAR MODELO C3236H
3246J-EXG;RANDON - JALECO ML - UNILEVE 1003 CELESTE - CONF1;C3246J;ITEM INATIVO UTILIZAR MODELO C3246J
3246J-EXGG;RANDON - JALECO ML - UNILEVE 1003 CELESTE - CONF1;C3246J;ITEM INATIVO UTILIZAR MODELO C3246J
3246J-G;RANDON - JALECO ML - UNILEVE 1003 CELESTE - CONF1;C3246J;ITEM INATIVO UTILIZAR MODELO C3246J
3246J-GG;RANDON - JALECO ML - UNILEVE 1003 CELESTE - CONF1;C3246J;ITEM INATIVO UTILIZAR MODELO C3246J
3246J-M;RANDON - JALECO ML - UNILEVE 1003 CELESTE - CONF1;C3246J;ITEM INATIVO UTILIZAR MODELO C3246J
3246J-P;RANDON - JALECO ML - UNILEVE 1003 CELESTE - CONF1;C3246J;ITEM INATIVO UTILIZAR MODELO C3246J
3246J-XG;RANDON - JALECO ML - UNILEVE 1003 CELESTE - CONF1;C3246J;ITEM INATIVO UTILIZAR MODELO C3246J
3252H-EXG;FRAS-LE - JALECO MC - UNILEVE 1003 AZ - CONF1AA - EXG;C3252H;ITEM INATIVO UTILIZAR MODELO C3252H
3252H-G;FRAS-LE - JALECO MC - UNILEVE 1003 AZ - CONF1AA - G;C3252H;ITEM INATIVO UTILIZAR MODELO C3252H
3252H-GG;FRAS-LE - JALECO MC - UNILEVE 1003 AZ - CONF1AA - GG;C3252H;ITEM INATIVO UTILIZAR MODELO C3252H
3252H-M;FRAS-LE - JALECO MC - UNILEVE 1003 AZ - CONF1AA - M;C3252H;ITEM INATIVO UTILIZAR MODELO C3252H
3252H-P;FRAS-LE - JALECO MC - UNILEVE 1003 AZ - CONF1AA - P;C3252H;ITEM INATIVO UTILIZAR MODELO C3252H
3252H-XG;FRAS-LE - JALECO MC - UNILEVE 1003 AZ - CONF1AA - XG;C3252H;ITEM INATIVO UTILIZAR MODELO C3252H
3271H-EXG;RANDON - JALECO ML - DEFESA INTERNA - UNILEVE 1013 VER - CONF1AA - EXG;C3271H;ITEM INATIVO UTILIZAR MODELO C3271H
3271H-G;RANDON - JALECO ML - DEFESA INTERNA - UNILEVE 1013 VER - CONF1AA - G;C3271H;ITEM INATIVO UTILIZAR MODELO C3271H
3271H-GG;RANDON - JALECO ML - DEFESA INTERNA - UNILEVE 1013 VERM - CONF1AA - GG;C3271H;ITEM INATIVO UTILIZAR MODELO C3271H
3271H-M;RANDON - JALECO ML - DEFESA INTERNA - UNILEVE 1013 VER - CONF1AA - M;C3271H;ITEM INATIVO UTILIZAR MODELO C3271H
3271H-P;RANDON - JALECO ML - DEFESA INTERNA - UNILEVE 1013 VER - CONF1AA - P;C3271H;ITEM INATIVO UTILIZAR MODELO C3271H
3271H-XG;RANDON - JALECO ML - DEFESA INTERNA - UNILEVE 1013 VER - CONF1AA - XG;C3271H;ITEM INATIVO UTILIZAR MODELO C3271H
3273H-EXG;FRAS LE - JALECO ML - DEFESA INTERNA - UNILEVE 1013 - CONF1AA - EXG;C3273H;ITEM INATIVO UTILIZAR MODELO C3273H
3273H-EXGG;FRAS LE - JALECO ML - DEFESA INTERNA - UNILEVE 1013 - CONF1AA - EXGG;C3273H;ITEM INATIVO UTILIZAR MODELO C3273H
3273H-G;FRAS LE - JALECO ML - DEFESA INTERNA - UNILEVE 1013 - CONF1AA  - G;C3273H;ITEM INATIVO UTILIZAR MODELO C3273H
3273H-GG;FRAS LE - JALECO ML - DEFESA INTERNA - UNILEVE 1013 - CONF1AA - GG;C3273H;ITEM INATIVO UTILIZAR MODELO C3273H
3273H-M;FRAS LE - JALECO ML - DEFESA INTERNA - UNILEVE 1013  - CONF1AA - M;C3273H;ITEM INATIVO UTILIZAR MODELO C3273H
3273H-P;FRAS LE - JALECO ML - DEFESA INTERNA - UNILEVE 1013 - CONF1AA - P;C3273H;ITEM INATIVO UTILIZAR MODELO C3273H
3273H-XG;FRAS LE - JALECO ML - DEFESA INTERNA - UNILEVE 1013  - CONF1AA - XG;C3273H;ITEM INATIVO UTILIZAR MODELO C3273H
3274H-EXG;SUSPENSYS - JALECO ML - DEFESA INTERNA - UNILEVE 1013 - CONF1AA - EXG;C3274H;ITEM INATIVO UTILIZAR MODELO C3274H
3274H-G;SUSPENSYS - JALECO ML - DEFESA INTERNA - UNILEVE 1013 - CONF1AA - G;C3274H;ITEM INATIVO UTILIZAR MODELO C3274H
3274H-GG;SUSPENSYS - JALECO ML - DEFESA INTERNA - UNILEVE 1013 - CONF1AA - GG;C3274H;ITEM INATIVO UTILIZAR MODELO C3274H
3274H-M;SUSPENSYS - JALECO ML - DEFESA INTERNA - UNILEVE 1013 - CONF1AA - M;C3274H;ITEM INATIVO UTILIZAR MODELO C3274H
3274H-P;SUSPENSYS - JALECO ML - DEFESA INTERNA - UNILEVE 1013 - CONF1AA - P;C3274H;ITEM INATIVO UTILIZAR MODELO C3274H
3274H-XG;SUSPENSYS - JALECO ML - DEFESA INTERNA - UNILEVE 1013 - CONF1AA - XG;C3274H;ITEM INATIVO UTILIZAR MODELO C3274H
3349H-EXG;CASTERTECH - JALECO ML - UNILEVE 1001 BRANCO - CONF1AA;C3349H;ITEM INATIVO UTILIZAR MODELO C3349H
3349H-EXGG;CASTERTECH - JALECO ML - UNILEVE 1001 BRANCO - CONF1AA;C3349H;ITEM INATIVO UTILIZAR MODELO C3349H
3349H-G;CASTERTECH - JALECO ML - UNILEVE 1001 BRANCO - CONF1AA;C3349H;ITEM INATIVO UTILIZAR MODELO C3349H
3349H-GG;CASTERTECH - JALECO ML - UNILEVE 1001 BRANCO - CONF1AA;C3349H;ITEM INATIVO UTILIZAR MODELO C3349H
3349H-M;CASTERTECH - JALECO ML - UNILEVE 1001 BRANCO - CONF1AA;C3349H;ITEM INATIVO UTILIZAR MODELO C3349H
3349H-P;CASTERTECH - JALECO ML - UNILEVE 1001 BRANCO - CONF1AA;C3349H;ITEM INATIVO UTILIZAR MODELO C3349H
3349H-XG;CASTERTECH - JALECO ML - UNILEVE 1001 BRANCO - CONF1AA;C3349H;ITEM INATIVO UTILIZAR MODELO C3349H
3376J-EXG;FRAS LE - JALECO ML - UNILEVE 1159 VD CLARO - CONF1 - EXG;C3376J;ITEM INATIVO UTILIZAR MODELO C3376J
3376J-G;FRAS LE - JALECO ML - UNILEVE 1159 VD CLARO - CONF1 - G;C3376J;ITEM INATIVO UTILIZAR MODELO C3376J
3376J-GG;FRAS LE - JALECO ML - UNILEVE 1159 VD CLARO - CONF1 - GG;C3376J;ITEM INATIVO UTILIZAR MODELO C3376J
3376J-M;FRAS LE - JALECO ML - UNILEVE 1159 VD CLARO - CONF1 - M;C3376J;ITEM INATIVO UTILIZAR MODELO C3376J
3376J-P;FRAS LE - JALECO ML - UNILEVE 1159 VD CLARO - CONF1 - P;C3376J;ITEM INATIVO UTILIZAR MODELO C3376J
3376J-XG;FRAS LE - JALECO ML - UNILEVE 1159 VD CLARO - CONF1 - XG;C3376J;ITEM INATIVO UTILIZAR MODELO C3376J
3544H-EXG;SUSPENSYS - JALECO ML - UNILEVE 1001 BRANCO - CONF1AA - EXG;C3544H;ITEM INATIVO UTILIZAR MODELO C3544H
3544H-G;SUSPENSYS - JALECO ML - UNILEVE 1001 BRANCO - CONF1AA - G;C3544H;ITEM INATIVO UTILIZAR MODELO C3544H
3544H-GG;SUSPENSYS - JALECO ML - UNILEVE 1001 BRANCO - CONF1AA - GG;C3544H;ITEM INATIVO UTILIZAR MODELO C3544H
3544H-M;SUSPENSYS - JALECO ML - UNILEVE 1001 BRANCO - CONF1AA - M;C3544H;ITEM INATIVO UTILIZAR MODELO C3544H
3544H-P;SUSPENSYS - JALECO ML - UNILEVE 1001 BRANCO - CONF1AA - P;C3544H;ITEM INATIVO UTILIZAR MODELO C3544H
3544H-XG;SUSPENSYS - JALECO ML - UNILEVE 1001 BRANCO - CONF1AA - XG;C3544H;ITEM INATIVO UTILIZAR MODELO C3544H
3729H-EXG;FRAS-LE - JALECO ML - UNISOFT 1012 LARANJA - CONF1AA - EXG;C3729H;ITEM INATIVO UTILIZAR MODELO C3729H
3729H-G;FRAS-LE - JALECO ML - UNISOFT 1012 LARANJA - CONF1AA - G;C3729H;ITEM INATIVO UTILIZAR MODELO C3729H
3729H-GG;FRAS-LE - JALECO ML - UNISOFT 1012 LARANJA - CONF1AA - GG;C3729H;ITEM INATIVO UTILIZAR MODELO C3729H
3729H-M;FRAS-LE - JALECO ML - UNISOFT 1012 LARANJA - CONF1AA - M;C3729H;ITEM INATIVO UTILIZAR MODELO C3729H
3729H-P;FRAS-LE - JALECO ML - UNISOFT 1012 LARANJA - CONF1AA - P;C3729H;ITEM INATIVO UTILIZAR MODELO C3729H
3729H-XG;FRAS-LE - JALECO ML - UNISOFT 1012 LARANJA - CONF1AA - XG;C3729H;ITEM INATIVO UTILIZAR MODELO C3729H
3738H-EXG;SUSPENSYS - JALECO ML - UNISOFT 1012 LARANJA - CONF1AA - EXG;C3738H;ITEM INATIVO UTILIZAR MODELO C3738H
3738H-G;SUSPENSYS - JALECO ML - UNISOFT 1012 LARANJA - CONF1AA - G;C3738H;ITEM INATIVO UTILIZAR MODELO C3738H
3738H-GG;SUSPENSYS - JALECO ML - UNISOFT 1012 LARANJA - CONF1AA - GG;C3738H;ITEM INATIVO UTILIZAR MODELO C3738H
3738H-M;SUSPENSYS - JALECO ML - UNISOFT 1012 LARANJA - CONF1AA - M;C3738H;ITEM INATIVO UTILIZAR MODELO C3738H
3738H-P;SUSPENSYS - JALECO ML - UNISOFT 1012 LARANJA - CONF1AA - P;C3738H;ITEM INATIVO UTILIZAR MODELO C3738H
3738H-XG;SUSPENSYS - JALECO ML - UNISOFT 1012 LARANJA - CONF1AA - XG;C3738H;ITEM INATIVO UTILIZAR MODELO C3738H
5842E-EXGG;MASCARELLO -  JAQUETA - NYLON 100 COST 26010 PRETO - CONF1;C5842E;ITEM INATIVO UTILIZAR MODELO C5842E
5850E-EGG;MASCARELLO - JAQUETA FEM - NYLON 100  COSTURA 5 X 5 16 PRETA - CONF1;C5850E;ITEM INATIVO UTILIZAR MODELO C5850E
5850E-EXGG;MASCARELLO - JAQUETA FEM - NYLON 100  COSTURA 5 X 5 16 PRETA - CONF1;C5850E;ITEM INATIVO UTILIZAR MODELO C5850E
5850E-PP;MASCARELLO - JAQUETA FEM - NYLON 100  COSTURA 5 X 5 16 PRETA - CONF1;C5850E;ITEM INATIVO UTILIZAR MODELO C5850E
6042N-EXG;COMIL -  CAMISETA GOL RED ML - MALHA POLIVISCOSE 012 VERM - CONF1;C6042N;ITEM INATIVO UTILIZAR MODELO C6042N
6042N-G;COMIL -  CAMISETA GOL RED ML - MALHA POLIVISCOSE 012 VERM - CONF1;C6042N;ITEM INATIVO UTILIZAR MODELO C6042N
6042N-GG;COMIL -  CAMISETA GOL RED ML - MALHA POLIVISCOSE 012 VERM - CONF1;C6042N;ITEM INATIVO UTILIZAR MODELO C6042N
6042N-M;COMIL -  CAMISETA GOL RED ML - MALHA POLIVISCOSE 012 VERM - CONF1;C6042N;ITEM INATIVO UTILIZAR MODELO C6042N
6042N-P;COMIL -  CAMISETA GOL RED ML - MALHA POLIVISCOSE 012 VERM - CONF1;C6042N;ITEM INATIVO UTILIZAR MODELO C6042N
6042N-PP;COMIL -  CAMISETA GOL RED ML - MALHA POLIVISCOSE 012 VERM - CONF1;C6042N;ITEM INATIVO UTILIZAR MODELO C6042N
6042N-XG;COMIL -  CAMISETA GOL RED ML - MALHA POLIVISCOSE 012 VERM - CONF1;C6042N;ITEM INATIVO UTILIZAR MODELO C6042N
6098J-EXG;CASTERTECH -  CAMISETA POLO MC RENAN ESP - PIQUET PA 001 BCO - CONF1;C6098J;ITEM INATIVO UTILIZAR MODELO C6098J
6098J-EXGG;CASTERTECH -  CAMISETA POLO MC RENAN ESP - PIQUET PA 001 BCO - CONF1;C6098J;ITEM INATIVO UTILIZAR MODELO C6098J
6098J-G;CASTERTECH -  CAMISETA POLO MC RENAN ESP - PIQUET PA 001 BCO - CONF1;C6098J;ITEM INATIVO UTILIZAR MODELO C6098J
6098J-GG;CASTERTECH -  CAMISETA POLO MC RENAN ESP - PIQUET PA 001 BCO - CONF1;C6098J;ITEM INATIVO UTILIZAR MODELO C6098J
6098J-M;CASTERTECH -  CAMISETA POLO MC RENAN ESP - PIQUET PA 001 BCO - CONF1;C6098J;ITEM INATIVO UTILIZAR MODELO C6098J
6098J-P;CASTERTECH -  CAMISETA POLO MC RENAN ESP - PIQUET PA 001 BCO - CONF1;C6098J;ITEM INATIVO UTILIZAR MODELO C6098J
6098J-XG;CASTERTECH -  CAMISETA POLO MC RENAN ESP - PIQUET PA 001 BCO - CONF1;C6098J;ITEM INATIVO UTILIZAR MODELO C6098J
6119M-EXG;COMIL - CAMISETA GOLA RED MC - MED ESP  - PV 015 AZ RY - CONF1;C6119M;ITEM INATIVO UTILIZAR MODELO C6119M
6119M-G;COMIL - CAMISETA GOLA RED MC - MED ESP  - PV 015 AZ RY - CONF1;C6119M;ITEM INATIVO UTILIZAR MODELO C6119M
6119M-GG;COMIL - CAMISETA GOLA RED MC - MED ESP  - PV 015 AZ RY - CONF1;C6119M;ITEM INATIVO UTILIZAR MODELO C6119M
6119M-M;COMIL - CAMISETA GOLA RED MC - MED ESP  - PV 015 AZ RY - CONF1;C6119M;ITEM INATIVO UTILIZAR MODELO C6119M
6119M-P;COMIL - CAMISETA GOLA RED MC - MED ESP  - PV 015 AZ RY - CONF1;C6119M;ITEM INATIVO UTILIZAR MODELO C6119M
6119M-XG;COMIL - CAMISETA GOLA RED MC - MED ESP  - PV 015 AZ RY - CONF1;C6119M;ITEM INATIVO UTILIZAR MODELO C6119M
6133N-G;SCHNEIDER - CAMISETA GOLA POLO MC - PIQUET PA 094 CHUMBO - CONF1;C6133N;ITEM INATIVO UTILIZAR MODELO C6133N
6133N-M;SCHNEIDER - CAMISETA GOLA POLO MC - PIQUET PA 094 CHUMBO - CONF1;C6133N;ITEM INATIVO UTILIZAR MODELO C6133N
6133N-XG;SCHNEIDER - CAMISETA GOLA POLO MC - PIQUET PA 094 CHUMBO - CONF1;C6133N;ITEM INATIVO UTILIZAR MODELO C6133N
6234L-EXG;RANDON - CAMISETA GOLA POLO MC - PIQUET PA 136 LARANJA - CONF1 - EXG;C6234L;ITEM INATIVO UTILIZAR MODELO C6234L
6234L-EXGG;RANDON - CAMISETA GOLA POLO MC - PIQUET PA 136 LARANJA - CONF1 - EXGG;C6234L;ITEM INATIVO UTILIZAR MODELO C6234L
6234L-G;RANDON - CAMISETA GOLA POLO MC - PIQUET PA 136 LARANJA - CONF1 - G;C6234L;ITEM INATIVO UTILIZAR MODELO C6234L
6234L-GG;RANDON - CAMISETA GOLA POLO MC - PIQUET PA 136 LARANJA - CONF1 - GG;C6234L;ITEM INATIVO UTILIZAR MODELO C6234L
6234L-M;RANDON - CAMISETA GOLA POLO MC - PIQUET PA 136 LARANJA - CONF1 - M;C6234L;ITEM INATIVO UTILIZAR MODELO C6234L
6234L-P;RANDON - CAMISETA GOLA POLO MC - PIQUET PA 136 LARANJA - CONF1 - P;C6234L;ITEM INATIVO UTILIZAR MODELO C6234L
6234L-XG;RANDON - CAMISETA GOLA POLO MC - PIQUET PA 136 LARANJA - CONF1 - XG;C6234L;ITEM INATIVO UTILIZAR MODELO C6234L
6291H-EXG;SUSPENSYS - CAMISETA POLO MC - MALHA PIQUET PA 178 VER - CONF1AA - EXG;C6291H;ITEM INATIVO UTILIZAR MODELO C6291H
6291H-G;SUSPENSYS - CAMISETA POLO MC - MALHA PIQUET PA 178 VERM - CONF1AA - G;C6291H;ITEM INATIVO UTILIZAR MODELO C6291H
6291H-GG;SUSPENSYS - CAMISETA POLO MC - MALHA PIQUET PA 178 VERM - CONF1AA - GG;C6291H;ITEM INATIVO UTILIZAR MODELO C6291H
6291H-M;SUSPENSYS - CAMISETA POLO MC - MALHA PIQUET PA 178 VERM - CONF1AA - M;C6291H;ITEM INATIVO UTILIZAR MODELO C6291H
6291H-P;SUSPENSYS - CAMISETA POLO MC - MALHA PIQUET PA 178 VERM - CONF1AA - P;C6291H;ITEM INATIVO UTILIZAR MODELO C6291H
6291H-XG;SUSPENSYS - CAMISETA POLO MC - MALHA PIQUET PA 178 VERM - CONF1AA - XG;C6291H;ITEM INATIVO UTILIZAR MODELO C6291H
6293M-M;MASCOR -  BABY GOLA POLO MC - PIQUET INGLES 66 VD MILITAR - CONF1;C6293M;ITEM INATIVO UTILIZAR MODELO C6293M
6370G-EGG;COMIL - CAMISETA GOLA RED MC - PV 015 AZ RY - CONF1AA;C6370G;ITEM INATIVO UTILIZAR MODELO C6370G
6370G-EXG;COMIL - CAMISETA GOLA RED MC - PV 015 AZ RY - CONF1AA;C6370G;ITEM INATIVO UTILIZAR MODELO C6370G
6370G-G;COMIL - CAMISETA GOLA RED MC - PV 015 AZ RY - CONF1AA;C6370G;ITEM INATIVO UTILIZAR MODELO C6370G
6370G-GG;COMIL - CAMISETA GOLA RED MC - PV 015 AZ RY - CONF1AA;C6370G;ITEM INATIVO UTILIZAR MODELO C6370G
6370G-M;COMIL - CAMISETA GOLA RED MC - PV 015 AZ RY - CONF1AA;C6370G;ITEM INATIVO UTILIZAR MODELO C6370G
6370G-P;COMIL - CAMISETA GOLA RED MC - PV 015 AZ RY - CONF1AA;C6370G;ITEM INATIVO UTILIZAR MODELO C6370G
6370G-XG;COMIL - CAMISETA GOLA RED MC - PV 015 AZ RY - CONF1AA;C6370G;ITEM INATIVO UTILIZAR MODELO C6370G
6501I-EXG;FRAS-LE-  CAMISETA POLO MC - PIQUET PA 136 LARANJA - CONF1AA - EXG;C6501I;ITEM INATIVO UTILIZAR MODELO C6501I
6501I-G;FRAS-LE-  CAMISETA POLO MC - PIQUET PA 136 LARANJA - CONF1AA - G;C6501I;ITEM INATIVO UTILIZAR MODELO C6501I
6501I-GG;FRAS-LE-  CAMISETA POLO MC - PIQUET PA 136 LARANJA - CONF1AA - GG;C6501I;ITEM INATIVO UTILIZAR MODELO C6501I
6501I-M;FRAS-LE-  CAMISETA POLO MC - PIQUET PA 136 LARANJA - CONF1AA - M;C6501I;ITEM INATIVO UTILIZAR MODELO C6501I
6501I-P;FRAS-LE-  CAMISETA GOLA POLO MC - PIQUET PA 136 LARANJA - CONF1AA - P;C6501I;ITEM INATIVO UTILIZAR MODELO C6501I
6501I-XG;FRAS-LE-  CAMISETA GOLA POLO MC - PIQUET PA 136 LARANJA - CONF1AA - XG;C6501I;ITEM INATIVO UTILIZAR MODELO C6501I
6546L-EXG;RANDON -  CAMISETA GOLA POLO MC - PIQUET PA 001 BRANCO - CONF1 - EXG;C6546L;ITEM INATIVO UTILIZAR MODELO C6546L
6546L-G;RANDON -  CAMISETA GOLA POLO MC - PIQUET PA 001 BRANCO - CONF1 - G;C6546L;ITEM INATIVO UTILIZAR MODELO C6546L
6546L-GG;RANDON -  CAMISETA GOLA POLO MC - PIQUET PA 001 BRANCO - CONF1 - GG;C6546L;ITEM INATIVO UTILIZAR MODELO C6546L
6546L-M;RANDON -  CAMISETA GOLA POLO MC - PIQUET PA 001 BRANCO - CONF1 - M;C6546L;ITEM INATIVO UTILIZAR MODELO C6546L
6546L-P;RANDON -  CAMISETA GOLA POLO MC - PIQUET PA 001 BRANCO - CONF1 - P;C6546L;ITEM INATIVO UTILIZAR MODELO C6546L
6546L-XG;RANDON -  CAMISETA GOLA POLO MC - PIQUET PA 001 BRANCO - CONF1 - XG;C6546L;ITEM INATIVO UTILIZAR MODELO C6546L
6547L-EXG;RANDON -  CAMISETA GOLA POLO MC - PIQUET PA 0001 BRANCO - CONF1 - EXG;C6547L;ITEM INATIVO UTILIZAR MODELO C6547L
6547L-G;RANDON -  CAMISETA GOLA POLO MC - PIQUET PA 0001 BRANCO - CONF1 - G;C6547L;ITEM INATIVO UTILIZAR MODELO C6547L
6547L-GG;RANDON -  CAMISETA GOLA POLO MC - PIQUET PA 0001 BRANCO - CONF1 - GG;C6547L;ITEM INATIVO UTILIZAR MODELO C6547L
6547L-M;RANDON -  CAMISETA GOLA POLO MC - PIQUET PA 0001 BRANCO - CONF1 - M;C6547L;ITEM INATIVO UTILIZAR MODELO C6547L
6547L-P;RANDON -  CAMISETA GOLA POLO MC - PIQUET PA 0001 BRANCO - CONF1 - P;C6547L;ITEM INATIVO UTILIZAR MODELO C6547L
6547L-XG;RANDON -  CAMISETA GOLA POLO MC - PIQUET PA 0001 BRANCO - CONF1 - XG;C6547L;ITEM INATIVO UTILIZAR MODELO C6547L
6642G-EGG;MASCARELLO -  CAMISETA GOL RED MC - MALHA POLIVISCOSE 015 AZ RY - CONF;C6642G;ITEM INATIVO UTILIZAR MODELO C6642G
6642G-EXG;MASCARELLO -  CAMISETA GOL RED MC - MALHA POLIVISCOSE 015 AZ RY - CONF;C6642G;ITEM INATIVO UTILIZAR MODELO C6642G
6642G-EXGG;MASCARELLO -  CAMISETA GOL RED MC - MALHA POLIVISCOSE 015 AZ RY - CONF;C6642G;ITEM INATIVO UTILIZAR MODELO C6642G
6642G-G;MASCARELLO -  CAMISETA GOL RED MC - MALHA POLIVISCOSE 015 AZ RY - CONF;C6642G;ITEM INATIVO UTILIZAR MODELO C6642G
6642G-GG;MASCARELLO -  CAMISETA GOL RED MC - MALHA POLIVISCOSE 015 AZ RY - CONF;C6642G;ITEM INATIVO UTILIZAR MODELO C6642G
6642G-P;MASCARELLO -  CAMISETA GOL RED MC - MALHA POLIVISCOSE 015 AZ RY - CONF;C6642G;ITEM INATIVO UTILIZAR MODELO C6642G
6642G-XG;MASCARELLO -  CAMISETA GOL RED MC - MALHA POLIVISCOSE 015 AZ RY - CONF;C6642G;ITEM INATIVO UTILIZAR MODELO C6642G
6668L-EXG;RANDON -  BABY GOLA POLO MC - PIQUET PA 001 BRANCO - CONF1 - EXG;C6668L;ITEM INATIVO UTILIZAR MODELO C6668L
6668L-G;RANDON -  BABY GOLA POLO MC - PIQUET PA 001 BRANCO - CONF1 - G;C6668L;ITEM INATIVO UTILIZAR MODELO C6668L
6668L-GG;RANDON -  BABY GOLA POLO MC - PIQUET PA 001 BRANCO - CONF1 - GG;C6668L;ITEM INATIVO UTILIZAR MODELO C6668L
6668L-M;RANDON -  BABY GOLA POLO MC - PIQUET PA 001 BRANCO - CONF1 - M;C6668L;ITEM INATIVO UTILIZAR MODELO C6668L
6668L-P;RANDON -  BABY GOLA POLO MC - PIQUET PA 001 BRANCO - CONF1 - P;C6668L;ITEM INATIVO UTILIZAR MODELO C6668L
6668L-XG;RANDON -  BABY GOLA POLO MC - PIQUET PA 001 BRANCO - CONF1 - XG;C6668L;ITEM INATIVO UTILIZAR MODELO C6668L
6696I-G;SCHNEIDER - CAMISETA GOLA RED MC - POLIVISCOSE 12 VERM - CONF1;C6696I;ITEM INATIVO UTILIZAR MODELO C6696I
6696I-GG;SCHNEIDER - CAMISETA GOLA RED MC - POLIVISCOSE 12 VERM - CONF1;C6696I;ITEM INATIVO UTILIZAR MODELO C6696I
6696I-M;SCHNEIDER - CAMISETA GOLA RED MC - POLIVISCOSE 12 VERM - CONF1;C6696I;ITEM INATIVO UTILIZAR MODELO C6696I
6696I-P;SCHNEIDER - CAMISETA GOLA RED MC - POLIVISCOSE 12 VERM - CONF1;C6696I;ITEM INATIVO UTILIZAR MODELO C6696I
6696I-PP;SCHNEIDER - CAMISETA GOLA RED MC - POLIVISCOSE 12 VERM - CONF1;C6696I;ITEM INATIVO UTILIZAR MODELO C6696I
6696I-XG;SCHNEIDER - CAMISETA GOLA RED MC - POLIVISCOSE 12 VERM - CONF1;C6696I;ITEM INATIVO UTILIZAR MODELO C6696I
6696I-XGG;SCHNEIDER - CAMISETA GOLA RED MC - POLIVISCOSE 12 VERM - CONF1;C6696I;ITEM INATIVO UTILIZAR MODELO C6696I
6717H-EXG;RANDON - CAMISETA POLO MC - MALHA PIQUET PA 178 VERM - CONFAA - EXG;C6717H;ITEM INATIVO UTILIZAR MODELO C6717H
6717H-M;RANDON - CAMISETA POLO MC - MALHA PIQUET PA 178 VERM - CONFAA - M;C6717H;ITEM INATIVO UTILIZAR MODELO C6717H
6717H-P;RANDON - CAMISETA POLO MC - MALHA PIQUET PA 178 VERM - CONFAA - P;C6717H;ITEM INATIVO UTILIZAR MODELO C6717H
6717H-XG;RANDON - CAMISETA POLO MC - MALHA PIQUET PA 178 VERM - CONFAA - XG;C6717H;ITEM INATIVO UTILIZAR MODELO C6717H
6718H-EXG;FRAS-LE - CAMISETA POLO MC - MALHA PIQUET PA 178 VERM - CONF1AA - EXG;C6718H;ITEM INATIVO UTILIZAR MODELO C6718H
6718H-G;FRAS-LE - CAMISETA POLO MC - MALHA PIQUET PA 178 VERM - CONF1AA - G;C6718H;ITEM INATIVO UTILIZAR MODELO C6718H
6718H-GG;FRAS-LE - CAMISETA POLO MC - MALHA PIQUET PA 178 VERM - CONF1AA - GG;C6718H;ITEM INATIVO UTILIZAR MODELO C6718H
6718H-M;FRAS-LE - CAMISETA POLO MC - MALHA PIQUET PA 178 VERM - CONF1AA - M;C6718H;ITEM INATIVO UTILIZAR MODELO C6718H
6718H-P;FRAS-LE - CAMISETA POLO MC - MALHA PIQUET PA 178 VERM - CONF1AA - P;C6718H;ITEM INATIVO UTILIZAR MODELO C6718H
6718H-XG;FRAS-LE - CAMISETA POLO MC - MALHA PIQUET PA 178 VERM - CONF1AA - XG;C6718H;ITEM INATIVO UTILIZAR MODELO C6718H
6742H-G;SCHNEIDER - CAMISETA GOLA RED MC - MALHA POLIVISCOSE 65 VERDE - CONF1;C6742H;ITEM INATIVO UTILIZAR MODELO C6742H
6742H-GG;SCHNEIDER - CAMISETA GOLA RED MC - MALHA POLIVISCOSE 65 VERDE - CONF1;C6742H;ITEM INATIVO UTILIZAR MODELO C6742H
6742H-GGXX;SCHNEIDER - CAMISETA GOLA RED MC - MALHA POLIVISCOSE 65 VERDE - CONF1;C6742H;ITEM INATIVO UTILIZAR MODELO C6742H
6742H-GGXXX;SCHNEIDER - CAMISETA GOLA RED MC - MALHA POLIVISCOSE 65 VERDE - CONF1;C6742H;ITEM INATIVO UTILIZAR MODELO C6742H
6742H-M;SCHNEIDER - CAMISETA GOLA RED MC - MALHA POLIVISCOSE 65 VERDE - CONF1;C6742H;ITEM INATIVO UTILIZAR MODELO C6742H
6742H-P;SCHNEIDER - CAMISETA GOLA RED MC - MALHA POLIVISCOSE 65 VERDE - CONF1;C6742H;ITEM INATIVO UTILIZAR MODELO C6742H
6742H-PP;SCHNEIDER - CAMISETA GOLA RED MC - MALHA POLIVISCOSE 65 VERDE - CONF1;C6742H;ITEM INATIVO UTILIZAR MODELO C6742H
6742H-XG;SCHNEIDER - CAMISETA GOLA RED MC - MALHA POLIVISCOSE 65 VERDE - CONF1;C6742H;ITEM INATIVO UTILIZAR MODELO C6742H
6742H-XXGG;SCHNEIDER - CAMISETA GOLA RED MC - MALHA POLIVISCOSE 65 VERDE - CONF1;C6742H;ITEM INATIVO UTILIZAR MODELO C6742H
6761G-EGG;COMIL -  CAMISETA GOL RED MC - MALHA POLIVISCOSE 015 AZ RY - CONF;C6761G;ITEM INATIVO UTILIZAR MODELO C6761G
6761G-EXG;COMIL -  CAMISETA GOL RED MC - MALHA POLIVISCOSE 015 AZ RY - CONF;C6761G;ITEM INATIVO UTILIZAR MODELO C6761G
6761G-EXGG;COMIL -  CAMISETA GOL RED MC - MALHA POLIVISCOSE 015 AZ RY - CONF;C6761G;ITEM INATIVO UTILIZAR MODELO C6761G
6761G-G;COMIL -  CAMISETA GOL RED MC - MALHA POLIVISCOSE 015 AZ RY - CONF;C6761G;ITEM INATIVO UTILIZAR MODELO C6761G
6761G-GG;COMIL -  CAMISETA GOL RED MC - MALHA POLIVISCOSE 015 AZ RY - CONF;C6761G;ITEM INATIVO UTILIZAR MODELO C6761G
6761G-M;COMIL -  CAMISETA GOL RED MC - MALHA POLIVISCOSE 015 AZ RY - CONF;C6761G;ITEM INATIVO UTILIZAR MODELO C6761G
6761G-P;COMIL -  CAMISETA GOL RED MC - MALHA POLIVISCOSE 015 AZ RY - CONF;C6761G;ITEM INATIVO UTILIZAR MODELO C6761G
6761G-XG;COMIL -  CAMISETA GOL RED MC - MALHA POLIVISCOSE 015 AZ RY - CONF;C6761G;ITEM INATIVO UTILIZAR MODELO C6761G
6769L-EXG;COMIL -  CAMISETA GOL RED ML - MALHA POLIVIS 015 AZ RY  - CONF1;C6769L;ITEM INATIVO UTILIZAR MODELO C6769L
6769L-G;COMIL -  CAMISETA GOL RED ML - MALHA POLIVIS 015 AZ RY  - CONF1;C6769L;ITEM INATIVO UTILIZAR MODELO C6769L
6769L-GG;COMIL -  CAMISETA GOL RED ML - MALHA POLIVIS 015 AZ RY  - CONF1;C6769L;ITEM INATIVO UTILIZAR MODELO C6769L
6769L-M;COMIL -  CAMISETA GOL RED ML - MALHA POLIVIS 015 AZ RY  - CONF1;C6769L;ITEM INATIVO UTILIZAR MODELO C6769L
6769L-P;COMIL -  CAMISETA GOL RED ML - MALHA POLIVIS 015 AZ RY  - CONF1;C6769L;ITEM INATIVO UTILIZAR MODELO C6769L
6769L-XG;COMIL -  CAMISETA GOL RED ML - MALHA POLIVIS 015 AZ RY  - CONF1;C6769L;ITEM INATIVO UTILIZAR MODELO C6769L
6804H-EXG;RANDON - CAMISETA POLO MC - MALHA PIQUET PA 001 BRANCO - CONF1AA - EXG;C6804H;ITEM INATIVO UTILIZAR MODELO C6804H
6804H-G;RANDON - CAMISETA POLO MC - MALHA PIQUET PA 001 BRANCO - CONF1AA - G;C6804H;ITEM INATIVO UTILIZAR MODELO C6804H
6804H-GG;RANDON - CAMISETA POLO MC - MALHA PIQUET PA 001 BRANCO - CONF1AA - GG;C6804H;ITEM INATIVO UTILIZAR MODELO C6804H
6804H-M;RANDON - CAMISETA POLO MC - MALHA PIQUET PA 001 BRANCO - CONF1AA - M;C6804H;ITEM INATIVO UTILIZAR MODELO C6804H
6804H-P;RANDON - CAMISETA POLO MC - MALHA PIQUET PA 001 BRANCO - CONF1AA - P;C6804H;ITEM INATIVO UTILIZAR MODELO C6804H
6804H-XG;RANDON - CAMISETA POLO MC - MALHA PIQUET PA 001 BRANCO - CONF1AA - XG;C6804H;ITEM INATIVO UTILIZAR MODELO C6804H
6823L-EXG;RANDON -  CAMISETA GOLA POLO MC - PIQUET PA 100 AZ CELESTE - CONF1;C6823L;ITEM INATIVO UTILIZAR MODELO C6823L
6823L-EXGG;RANDON -  CAMISETA GOLA POLO MC - PIQUET PA 100 AZ CELESTE - CONF1;C6823L;ITEM INATIVO UTILIZAR MODELO C6823L
6823L-G;RANDON -  CAMISETA GOLA POLO MC - PIQUET PA 100 AZ CELESTE - CONF1;C6823L;ITEM INATIVO UTILIZAR MODELO C6823L
6823L-GG;RANDON -  CAMISETA GOLA POLO MC - PIQUET PA 100 AZ CELESTE - CONF1;C6823L;ITEM INATIVO UTILIZAR MODELO C6823L
6823L-M;RANDON -  CAMISETA GOLA POLO MC - PIQUET PA 100 AZ CELESTE - CONF1;C6823L;ITEM INATIVO UTILIZAR MODELO C6823L
6823L-P;RANDON -  CAMISETA GOLA POLO MC - PIQUET PA 100 AZ CELESTE - CONF1;C6823L;ITEM INATIVO UTILIZAR MODELO C6823L
6823L-XG;RANDON -  CAMISETA GOLA POLO MC - PIQUET PA 100 AZ CELESTE - CONF1;C6823L;ITEM INATIVO UTILIZAR MODELO C6823L
6875M-EGG;COMIL -  CAMISETA GOLA POLO MC - PIQUET INGLES 05 VERMELH - CONF1;C6875M;ITEM INATIVO UTILIZAR MODELO C6875M
6875M-G;COMIL -  CAMISETA GOLA POLO MC - PIQUET INGLES 05 VERMELH - CONF1;C6875M;ITEM INATIVO UTILIZAR MODELO C6875M
6875M-GG;COMIL -  CAMISETA GOLA POLO MC - PIQUET INGLES 05 VERMELH - CONF1;C6875M;ITEM INATIVO UTILIZAR MODELO C6875M
6875M-M;COMIL -  CAMISETA GOLA POLO MC - PIQUET INGLES 05 VERMELH - CONF1;C6875M;ITEM INATIVO UTILIZAR MODELO C6875M
6875M-P;COMIL -  CAMISETA GOLA POLO MC - PIQUET INGLES 05 VERMELH - CONF1;C6875M;ITEM INATIVO UTILIZAR MODELO C6875M
6875M-PP;COMIL -  CAMISETA GOLA POLO MC - PIQUET INGLES 05 VERMELH - CONF1;C6875M;ITEM INATIVO UTILIZAR MODELO C6875M
6875M-XG;COMIL -  CAMISETA GOLA POLO MC - PIQUET INGLES 05 VERMELH - CONF1;C6875M;ITEM INATIVO UTILIZAR MODELO C6875M
6875M-XGG;COMIL -  CAMISETA GOLA POLO MC - PIQUET INGLES 05 VERMELH - CONF1;C6875M;ITEM INATIVO UTILIZAR MODELO C6875M
6878L-EXG;MASCARELLO -  CAMISETA GOLA POLO MC - PIQUET INGLES 04 MARINHO - CONF1;C6878L;ITEM INATIVO UTILIZAR MODELO C6878L
6878L-EXGG;MASCARELLO -  CAMISETA GOLA POLO MC - PIQUET INGLES 04 MARINHO - CONF1;C6878L;ITEM INATIVO UTILIZAR MODELO C6878L
6878L-G;MASCARELLO -  CAMISETA GOLA POLO MC - PIQUET INGLES 04 MARINHO - CONF1;C6878L;ITEM INATIVO UTILIZAR MODELO C6878L
6878L-GG;MASCARELLO -  CAMISETA GOLA POLO MC - PIQUET INGLES 04 MARINHO - CONF1;C6878L;ITEM INATIVO UTILIZAR MODELO C6878L
6878L-P;MASCARELLO -  CAMISETA GOLA POLO MC - PIQUET INGLES 04 MARINHO - CONF1;C6878L;ITEM INATIVO UTILIZAR MODELO C6878L
6878L-XG;MASCARELLO -  CAMISETA GOLA POLO MC - PIQUET INGLES 04 MARINHO - CONF1;C6878L;ITEM INATIVO UTILIZAR MODELO C6878L
6878L-XGG;MASCARELLO -  CAMISETA GOLA POLO MC - PIQUET INGLES 04 MARINHO - CONF1;C6878L;ITEM INATIVO UTILIZAR MODELO C6878L
6878L-XXGG;MASCARELLO -  CAMISETA GOLA POLO MC - PIQUET INGLES 04 MARINHO - CONF1;C6878L;ITEM INATIVO UTILIZAR MODELO C6878L
6879L-EXG;COMIL -  CAMISETA GOLA POLO MC - PIQUET INGLES 05 VERMELH - CONF1;C6879L;ITEM INATIVO UTILIZAR MODELO C6879L
6879L-G;COMIL -  CAMISETA GOLA POLO MC - PIQUET INGLES 05 VERMELH - CONF1;C6879L;ITEM INATIVO UTILIZAR MODELO C6879L
6879L-GG;COMIL -  CAMISETA GOLA POLO MC - PIQUET INGLES 05 VERMELH - CONF1;C6879L;ITEM INATIVO UTILIZAR MODELO C6879L
6879L-M;COMIL -  CAMISETA GOLA POLO MC - PIQUET INGLES 05 VERMELH - CONF1;C6879L;ITEM INATIVO UTILIZAR MODELO C6879L
6879L-P;COMIL -  CAMISETA GOLA POLO MC - PIQUET INGLES 05 VERMELH - CONF1;C6879L;ITEM INATIVO UTILIZAR MODELO C6879L
6879L-XG;COMIL -  CAMISETA GOLA POLO MC - PIQUET INGLES 05 VERMELH - CONF1;C6879L;ITEM INATIVO UTILIZAR MODELO C6879L
6879L-XGG;COMIL -  CAMISETA GOLA POLO MC - PIQUET INGLES 05 VERMELH - CONF1;C6879L;ITEM INATIVO UTILIZAR MODELO C6879L
6903M-G;MASCARELLO -  CAMISETA GOL RED ML - MALHA POLIVISCOSE 012 VERM - CONF1;C6903M;ITEM INATIVO UTILIZAR MODELO C6903M
6903M-GG;MASCARELLO -  CAMISETA GOL RED ML - MALHA POLIVISCOSE 012 VERM - CONF1;C6903M;ITEM INATIVO UTILIZAR MODELO C6903M
6903M-M;MASCARELLO -  CAMISETA GOL RED ML - MALHA POLIVISCOSE 012 VERM - CONF1;C6903M;ITEM INATIVO UTILIZAR MODELO C6903M
6903M-P;MASCARELLO -  CAMISETA GOL RED ML - MALHA POLIVISCOSE 012 VERM - CONF1;C6903M;ITEM INATIVO UTILIZAR MODELO C6903M
6903M-PP;MASCARELLO -  CAMISETA GOL RED ML - MALHA POLIVISCOSE 012 VERM - CONF1;C6903M;ITEM INATIVO UTILIZAR MODELO C6903M
6903M-XG;MASCARELLO -  CAMISETA GOL RED ML - MALHA POLIVISCOSE 012 VERM - CONF1;C6903M;ITEM INATIVO UTILIZAR MODELO C6903M
6909L-EXG;MASCARELLO - BABY GOLA POLO MC - PIQUET INGLES 04 MARINHO - CONF1;C6909L;ITEM INATIVO UTILIZAR MODELO C6909L
6909L-G;MASCARELLO - BABY GOLA POLO MC - PIQUET INGLES 04 MARINHO - CONF1;C6909L;ITEM INATIVO UTILIZAR MODELO C6909L
6909L-GG;MASCARELLO - BABY GOLA POLO MC - PIQUET INGLES 04 MARINHO - CONF1;C6909L;ITEM INATIVO UTILIZAR MODELO C6909L
6909L-M;MASCARELLO - BABY GOLA POLO MC - PIQUET INGLES 04 MARINHO - CONF1;C6909L;ITEM INATIVO UTILIZAR MODELO C6909L
6909L-P;MASCARELLO - BABY GOLA POLO MC - PIQUET INGLES 04 MARINHO - CONF1;C6909L;ITEM INATIVO UTILIZAR MODELO C6909L
6909L-PP;MASCARELLO - BABY GOLA POLO MC - PIQUET INGLES 04 MARINHO - CONF1;C6909L;ITEM INATIVO UTILIZAR MODELO C6909L
6909L-XG;MASCARELLO - BABY GOLA POLO MC - PIQUET INGLES 04 MARINHO - CONF1;C6909L;ITEM INATIVO UTILIZAR MODELO C6909L
6910L-EXG;COMIL -  BABY GOLA POLO MC - PIQUET INGLES 05 VERMELH - CONF1;C6910L;ITEM INATIVO UTILIZAR MODELO C6910L
6910L-G;COMIL -  BABY GOLA POLO MC - PIQUET INGLES 05 VERMELH - CONF1;C6910L;ITEM INATIVO UTILIZAR MODELO C6910L
6910L-GG;COMIL -  BABY GOLA POLO MC - PIQUET INGLES 05 VERMELH - CONF1;C6910L;ITEM INATIVO UTILIZAR MODELO C6910L
6910L-M;COMIL -  BABY GOLA POLO MC - PIQUET INGLES 05 VERMELH - CONF1;C6910L;ITEM INATIVO UTILIZAR MODELO C6910L
6910L-P;COMIL -  BABY GOLA POLO MC - PIQUET INGLES 05 VERMELH - CONF1;C6910L;ITEM INATIVO UTILIZAR MODELO C6910L
6910L-PP;COMIL -  BABY GOLA POLO MC - PIQUET INGLES 05 VERMELH - CONF1;C6910L;ITEM INATIVO UTILIZAR MODELO C6910L
6910L-XG;COMIL -  BABY GOLA POLO MC - PIQUET INGLES 05 VERMELH - CONF1;C6910L;ITEM INATIVO UTILIZAR MODELO C6910L
6910L-XGG;COMIL -  BABY GOLA POLO MC - PIQUET INGLES 05 VERMELH - CONF1;C6910L;ITEM INATIVO UTILIZAR MODELO C6910L
6950L-EXG;MASCARELLO -  CAMISETA GOL RED MC MED ESP POLIVIS 015 AZ RY - CONF1;C6950L;ITEM INATIVO UTILIZAR MODELO C6950L
6950L-G;MASCARELLO -  CAMISETA GOL RED MC MED ESP POLIVIS 015 AZ RY - CONF1;C6950L;ITEM INATIVO UTILIZAR MODELO C6950L
6950L-GG;MASCARELLO -  CAMISETA GOL RED MC MED ESP POLIVIS 015 AZ RY - CONF1;C6950L;ITEM INATIVO UTILIZAR MODELO C6950L
6950L-M;MASCARELLO -  CAMISETA GOL RED MC MED ESP POLIVIS 015 AZ RY - CONF1;C6950L;ITEM INATIVO UTILIZAR MODELO C6950L
6950L-P;MASCARELLO -  CAMISETA GOL RED MC MED ESP POLIVIS 015 AZ RY - CONF1;C6950L;ITEM INATIVO UTILIZAR MODELO C6950L
6950L-XG;MASCARELLO -  CAMISETA GOL RED MC MED ESP POLIVIS 015 AZ RY - CONF1;C6950L;ITEM INATIVO UTILIZAR MODELO C6950L
6976H-EXG;SUSPENSYS - CAMISETA POLO MC - MALHA PIQUET PA 001 BCO - CONF1AA - EXG;C6976H;ITEM INATIVO UTILIZAR MODELO C6976H
6976H-G;SUSPENSYS - CAMISETA POLO MC - MALHA PIQUET PA 001 BCO - CONF1AA - G;C6976H;ITEM INATIVO UTILIZAR MODELO C6976H
6976H-GG;SUSPENSYS - CAMISETA POLO MC - MALHA PIQUET PA 001 BCO - CONF1AA - GG;C6976H;ITEM INATIVO UTILIZAR MODELO C6976H
6976H-M;SUSPENSYS - CAMISETA POLO MC - MALHA PIQUET PA 001 BCO - CONF1AA - M;C6976H;ITEM INATIVO UTILIZAR MODELO C6976H
6976H-P;SUSPENSYS - CAMISETA POLO MC - MALHA PIQUET PA 001 BCO - CONF1AA - P;C6976H;ITEM INATIVO UTILIZAR MODELO C6976H
6976H-XG;SUSPENSYS - CAMISETA OLO MC - MALHA PIQUET PA 001 BCO - CONF1AA - XG;C6976H;ITEM INATIVO UTILIZAR MODELO C6976H
9090E-GGX;CENCI - SUETER GOLA V MASC - 50 ACRI 50 ALG - 9431 - 714 GRAFIT- CONF1;C9090E;ITEM INATIVO UTILIZAR MODELO C9090E
9092E-GGX;CENCI - SUETER GOLA V FEM - 50 ACR 50 ALG - 9434 - 893 AZUL - CONF1;C9092E;ITEM INATIVO UTILIZAR MODELO C9092E
9531E-G;MASCARELLO - BRACADEIRA - CEDROPAC LEVE  3135 AMARELO - CONF1;C9531E;ITEM INATIVO UTILIZAR MODELO C9531E
9531E-XG;MASCARELLO - BRACADEIRA - CEDROPAC LEVE  3135 AMARELO - CONF1;C9531E;ITEM INATIVO UTILIZAR MODELO C9531E
9549G-G;MASCARELLO - BRACADEIRA - NEOPLEX 2MM AMARELO - CONF1;C9549G;ITEM INATIVO UTILIZAR MODELO C9549G
9549G-M;MASCARELLO - BRACADEIRA - NEOPLEX 2MM AMARELO - CONF1;C9549G;ITEM INATIVO UTILIZAR MODELO C9549G
9549G-P;MASCARELLO - BRACADEIRA - NEOPLEX 2MM AMARELO - CONF1;C9549G;ITEM INATIVO UTILIZAR MODELO C9549G
9681E-GGX;ABAST COMB - SUETER DE LA 100 ACRIL 1 FIO FEM GOLA V 910 CEREJ - CONF1;C9681E;ITEM INATIVO UTILIZAR MODELO C9681E
9740G-EXG;MASCARELLO - SUETER DE LA 50% ACR 50%CO 1 FIO MASC 903 NEBLINA - CONF1;C9740G;ITEM INATIVO UTILIZAR MODELO C9740G
9740G-EXGG;MASCARELLO - SUETER DE LA 50% ACR 50%CO 1 FIO MASC 903 NEBLINA - CONF1;C9740G;ITEM INATIVO UTILIZAR MODELO C9740G
9740G-G;MASCARELLO - SUETER DE LA 50% ACR 50%CO 1 FIO MASC 903 NEBLINA - CONF1;C9740G;ITEM INATIVO UTILIZAR MODELO C9740G
9740G-G1;MASCARELLO - SUETER DE LA 50% ACR 50%CO 1 FIO MASC 903 NEBLINA - CONF1;C9740G;ITEM INATIVO UTILIZAR MODELO C9740G
9740G-G2;MASCARELLO - SUETER DE LA 50% ACR 50%CO 1 FIO MASC 903 NEBLINA - CONF1;C9740G;ITEM INATIVO UTILIZAR MODELO C9740G
9740G-G3;MASCARELLO - SUETER DE LA 50% ACR 50%CO 1 FIO MASC 903 NEBLINA - CONF1;C9740G;ITEM INATIVO UTILIZAR MODELO C9740G
9740G-G4;MASCARELLO - SUETER DE LA 50% ACR 50%CO 1 FIO MASC 903 NEBLINA - CONF1;C9740G;ITEM INATIVO UTILIZAR MODELO C9740G
9740G-GG;MASCARELLO - SUETER DE LA 50% ACR 50%CO 1 FIO MASC 903 NEBLINA - CONF1;C9740G;ITEM INATIVO UTILIZAR MODELO C9740G
9740G-PP;MASCARELLO - SUETER DE LA 50% ACR 50%CO 1 FIO MASC 903 NEBLINA - CONF1;C9740G;ITEM INATIVO UTILIZAR MODELO C9740G
00479ZZ;CALCA ELAST TOTAL-UNIFORTE 1003 AZ CEL- CONF1-AA;C00479ZZ;ITEM INATIVO UTILIZAR MODELO C00479ZZ
00521ZZ;FRAS LE - JALECO ML - UNILEVE 1003 AZUL - CONF1 - AA;C00521ZZ;ITEM INATIVO UTILIZAR MODELO C00521ZZ
00522ZZ;IMPLEMENTOS - JALECO ML - UNILEVE 1003 AZUL - CONF1 - AA;C00522ZZ;ITEM INATIVO UTILIZAR MODELO C00522ZZ
00660ZZ;MASCARELLO - CALCA ELAST TOTAL - UNIVERSAL 1414 AZ RY - CONF1AA;C00660ZZ;ITEM INATIVO UTILIZAR MODELO C00660ZZ
00661ZZ;MASCARELLO - CAMISETA GOL RED MC - MALHA POLIVIS 015 AZ RY - CONF;C00661ZZ;ITEM INATIVO UTILIZAR MODELO C00661ZZ
1604H;RANDON - CALCA ELAST TOTAL - UNIFORTE 1013 VERMELHO - CONF1 - AA;C1604H;ITEM INATIVO UTILIZAR MODELO C1604H
5842E;MASCARELLO - JAQUETA - NYLON 100 COST 26010 PRETO - CONF1;C5842E;ITEM INATIVO UTILIZAR MODELO C5842E
5850E;MASCARELLO - JAQUETA FEM - NYLON 100 COSTURA 5 X 5 16 PRETA - CONF1;C5850E;ITEM INATIVO UTILIZAR MODELO C5850E
9090E;CENCI - SUETER GOLA V MASC - 50 ACRI 50 ALG - 714 GRAFIT- CONF1;C9090E;ITEM INATIVO UTILIZAR MODELO C9090E
9092E;CENCI - SUETER GOLA V FEM - 50 ACR 50 ALG - 714 GRAFITE - CONF1;C9092E;ITEM INATIVO UTILIZAR MODELO C9092E
9740G;MASCARELLO - SUETER DE LA 50% ACR 50%CO 1 FIO MASC 903 NEBLINA - CONF1;C9740G;ITEM INATIVO UTILIZAR MODELO C9740G
